Education,Libraries_Per_Capita,Experience,Job_Performance
7.791772377,0.7872247293541154,12.941172825185188,103.60945962994967
18.41938249,1.4898249289103607,7.015658441052098,106.49457228658538
19.15702375,0.9286400743685819,19.629696050280717,149.1962047
17.962375206527504,1.3059983270976625,10.749373984443828,115.03935416518968
15.783161838628276,0.9635815777475327,12.085992552188038,118.5161980804049
15.438283716288874,1.3694600547075602,10.114612811855581,108.98396720156637
16.212662953374153,0.9034664960083175,-1.40803788,76.84556029023686
18.79199593205438,0.8366130155428537,7.855877838037717,108.90651010002767
18.780435800961307,0.9835358067734464,9.948467235,116.94239207618149
13.978252444655178,0.7317257417796967,-0.388989521,76.99559288253337
17.79292110126188,1.1827861730562466,8.737614691762696,112.86844528856501
18.63683963622468,0.45004820197714546,10.361305904453756,117.12346728054354
16.282070104950733,1.1075926126708242,10.77760870750274,114.1397841313753
13.370959877043145,0.8615821476911816,5.006502504615529,91.54592838660491
21.031731962884347,0.813990121,11.559914849405173,126.57534429861617
13.154444906831118,1.0358074608500065,6.8497931536717696,97.50754510523316
20.28205247256882,0.8533492582605349,8.183529550985341,116.01956490563818
18.794661679929558,0.9529959572356431,10.854708896975868,120.82510878619208
14.218965802179541,0.7585989316922083,14.614200546695717,120.46143833632536
15.04624205,0.757045222,14.503566057343871,122.04635910301451
14.49839965804491,1.000945285978542,5.055968762155289,95.87047567757287
15.332458362343672,1.0487825807392488,15.080929995793873,123.31790247617496
14.336420824212105,1.1921232457582724,6.819129122357326,101.1500212911426
15.452529751721285,0.8924838632891038,13.077396570367702,117.43560845675172
20.641255536057038,1.0886953534645676,11.503600973863756,124.05991064396724
14.957032428540934,1.0254924258063662,9.026541640939499,106.04347376042232
21.372146392318072,1.0190679322044918,15.035714148634785,141.13222962095824
17.92798109845136,0.9737406365869642,4.715705915469744,97.68375590741235
18.62223941837891,0.5331586546731414,16.934619010213698,137.2253658751638
17.635137014205412,1.1435918330170871,14.766659087548936,129.58268674045235
19.45429552,1.141055885598032,10.780234273392582,120.77671647244597
15.477776736999997,1.0633971765942076,12.169277460837797,115.68508753036919
18.307594929483642,0.7418115463846575,7.881740325387955,112.24251775278599
13.962300393251278,1.1342481617212106,9.5088821,106.03263803863712
15.337707280470847,0.747377872,8.180878419295297,103.86847698372476
16.64298878037766,0.9636231927881851,17.617395944177215,135.52740407402024
14.035807491861615,1.015523927819699,7.408144580665384,102.74842520315083
17.575062368248133,1.3787162860930096,23.818053715065556,155.36059321129056
14.25176259863601,0.6298508421457307,13.963027036090269,120.97157862536893
13.54177754530974,0.9518274086892551,14.810452986314786,124.1413461234136
17.14056139654056,1.1458644320687976,7.4322422017991325,104.19847557852013
22.763785744498797,1.1895941016637164,8.117435843565474,116.38576154736775
20.977712058884574,0.7402423148704741,11.051829792586563,125.3609486889881
18.257380302724286,0.9228016270644874,4.549362474143399,98.08542937561788
12.451776286313109,0.6716379249214023,-0.441646064,72.54844282080471
19.468075615009983,0.6311410222519003,8.791055298840762,116.61904075672123
13.182103683334423,1.103605084364946,11.698399175842416,110.51524366434987
14.303595036127692,0.9467496940706293,13.10940005229407,121.35264734440571
14.725388836909055,1.442569336804676,8.987525801367504,108.12375836617369
12.432809712307758,1.335118684953164,18.689190785802154,130.0505479
13.715499365623492,0.9641844207529183,7.411697266137682,103.47123643750506
21.37520835536638,0.7140498858525058,9.875663961260809,124.1110409283952
13.957204157411839,0.8986029141155463,7.327345787824001,103.37408883782717
21.645706248976044,1.1998085446440427,13.743769673015585,132.22720089909393
19.948816733268778,0.957635749,5.996162012348886,107.2574684394746
20.615331893062912,0.8466136218462837,14.788682792113555,134.2153481314231
19.4362342,1.1177406337473463,9.419370910137035,117.1777130130944
14.55314048275325,0.9654508097889708,6.451833255257088,97.03051526988291
17.28602559894987,1.7032900196804004,10.01274346822059,116.02708162832614
13.21730452057541,1.8333848688044712,17.28699422859983,128.64545360509845
10.342842307748677,0.43525492776947455,6.465291791372469,89.32434050758597
17.274935876353908,1.032485952510154,8.634094031414973,110.74191513461733
23.489156709829924,0.9186092592603889,9.811091048964753,126.02804776232891
12.88084532517398,1.5497649154545627,13.71561319361891,115.06563145851928
20.256132271563526,1.4252472074176454,7.190502289477434,109.15084182657114
14.012078423422798,1.1151351523630537,18.80473380347909,134.82428968188327
15.169211831450971,1.1703572427196491,1.0576887330167761,83.30880151
14.59244668782573,0.9836620350777837,8.583138023586486,103.33466194897365
14.185200456296853,1.1485997486174224,9.107533919683004,105.40802447739725
14.97885742738181,0.7870891947214488,9.863618106116704,105.75662666177783
13.768816178616435,0.33139086442903615,1.0437910191263622,80.28919392687199
15.046882533643394,1.1836517292883122,16.44252701165218,129.51763085149548
14.785246677489166,1.1240205193758175,11.994660542405043,116.50022766235998
15.410867026810573,0.9784633778109629,8.055172995627723,109.74336893023619
12.40987768904797,0.6155308645909529,19.91009537724248,133.92615286498034
19.27884510216267,0.8435624215164336,6.853604607354237,111.08924193479945
16.423790103573435,0.9406806548807065,12.934922248710532,124.18450856200724
19.25265525658975,1.113645418237185,11.886897955679938,125.17393114709687
15.698699988811683,1.242432554853371,4.427182808915639,95.36745295488303
15.51304579835342,0.632216389,6.725177219812331,103.21767856770764
18.312846940134428,0.9813779466731936,16.86764049768194,139.27254070965304
15.285062365939577,0.7860785886770745,9.938426301396929,110.3651163154933
15.00901352,1.1681659658322605,12.564108357422615,121.63666238451152
15.889649849633326,1.2964228205440997,14.901051169890518,125.42203323745713
19.265182327091825,0.551944463,9.546382871800569,118.2670605213386
16.12009697147958,1.652175946863319,-1.396167453,77.55810141928654
19.62422388990737,1.1507230202301855,14.277143640433291,129.51809747771614
19.266217000550498,0.9147240554034565,10.956015640754464,124.53264124648295
20.533359485661258,0.7024786541237601,10.680059527510691,125.61952010136129
13.455340157487043,1.0997269379377366,14.463192229749533,124.01132661494498
16.701240202718687,0.7965853236445994,9.494476252630445,111.41170520797654
14.037795461867269,1.3250527905085123,10.750838568994547,111.11142917560159
15.457737193304311,0.6600831137610019,12.047294621138908,114.50007282968002
17.229323810128488,1.2677878896217671,13.679776948005426,122.63049184690783
13.888524824165113,1.4978310551015421,13.077519009988608,113.17438190418544
15.924939711481345,1.8789582809884031,16.715145570707133,133.18291531524457
15.904803807800137,1.0824198680370742,13.392015542977198,122.79491876826786
15.441835956344667,0.8896463919049613,7.5804693309548785,104.34300179992843
19.586720298410402,0.8354642455006012,20.69976508713956,151.7328125142441
18.04472667304367,0.4890138937408812,10.907632599073276,117.1326710946956
17.46947309780132,1.4083516230359938,6.529920390492615,107.9200597618262
16.363183728967662,0.8479087604518046,5.144153136030188,102.36295030732651
13.219533014613411,1.0311422392280796,8.600062030422515,105.33895164715987
21.973209610650557,0.7885076075666924,6.044885552176966,113.73987240363603
16.344961571833174,1.3098519157481727,12.551198681410693,120.72911868877445
14.60637521969076,1.0730360750599253,15.444688542845633,125.42842763816569
13.737298026771896,0.9791457914249512,15.863762839654235,124.82259356883337
20.054861550297645,1.4443265307824116,12.18951055561229,127.06652156139448
17.91267400914097,1.3947771145867862,10.401092153520283,116.9659159070497
18.45100882549858,0.7673242527650794,18.690280394638965,145.95504378806154
16.587890507709265,0.7638249979743581,25.64939858496122,165.87169556778488
12.81146730694731,1.1605621403268915,7.768418810848327,102.11882625849893
15.378132980306042,0.7395833231765291,6.996490761710516,104.87545858321121
15.413010222735819,1.2644046117963146,9.319471756,108.42070491328684
17.42798084656502,1.152409755801927,7.593978387945672,108.26072799142888
13.743385820979036,1.150422338492397,9.814101043643651,108.63915144035123
16.71631829,1.379886247844831,8.352262853,108.87034062670527
14.54355475913063,0.9079896002795302,16.223479267203984,125.36911573285329
13.987884623808322,1.1754524350014492,10.00126916526815,103.97888228155236
18.444420339369184,1.6939463875598875,3.665483744888891,98.67381164705631
18.022718600416397,0.6494557770222251,20.916590931277554,148.66815213967445
20.130826147930716,1.243775778276448,9.569737444,117.33954423277383
22.228388316321148,0.8119226230546934,15.71065678458395,142.6349226092312
13.422883536307102,1.3292729061805633,10.595204440042018,110.39324898007695
15.257886984553311,0.6256288083920629,10.197785168533782,109.87962527227644
12.54226166967196,1.6040454988608202,10.510366901891215,104.3603980108001
18.038572179602983,1.440855862399619,0.29303835356145336,85.10725591486018
18.068102517570498,1.244415750933199,9.51893865,115.64180977086242
17.742969148311662,2.0172431696585327,10.779989118934399,119.50958018890374
18.706509202715683,1.2377527081894857,11.982465576613746,121.7917883215725
17.276762357106712,0.8785925574340743,14.37573604718134,126.63279384236512
21.191499542114077,1.7405301087837586,8.454924021885867,117.25773112004633
8.158810595917485,0.8741504010601904,2.9886507975334986,80.23741543075229
17.09864272603614,1.2204223365857652,0.7923838313254727,85.47075298790459
13.209393306047799,1.269398944946982,14.215212599670272,117.24144068785135
18.678571882133582,1.5223248437104488,10.78727287970019,120.48544066825328
15.760147492478538,1.023326537365717,3.4549180901953394,90.90266813
12.035180631434859,0.8531783240290743,-1.268562087,68.31577021833023
17.834477417391913,0.7234192792942663,7.016800765816433,106.7328088394939
14.807935461347737,0.8752128021829041,2.521459042649333,84.08502135493467
11.746091998211842,1.5951677777793505,9.100646442430884,99.35119145556286
15.571988365536335,0.5513027495523553,10.14313305,109.73361163931455
19.17623756553276,1.008492374437044,6.436049410115941,109.76639430875242
14.547517555197334,0.816696246,16.60944590731772,130.3389452934719
19.28965213031787,1.3363990544932391,6.812406231,108.61493698252664
17.227230721796413,1.0964947611209321,12.264123520123118,122.26396512126446
17.47571241593955,0.9340753576515631,10.84046580260442,117.82310209419583
17.61064421709036,0.9989922733210196,9.163519065,111.24732694213337
16.86277977478743,0.9780751723326037,3.3782282809060904,94.02946439253942
20.14323408000766,0.7331936266552564,8.669670025865367,118.53455293166411
18.288443820141737,0.7879403798783066,10.072722492345267,117.59005703121773
11.573280028762339,1.0287927323272743,6.3705899191483795,92.03155251449314
10.642075654956908,1.367133003743517,12.304601248748437,110.92487590144124
10.295844597345376,0.9077107037643728,2.3067278415383297,75.93212423980002
16.228038539208512,0.6727227620880462,5.260261032550252,99.04842698649908
17.986008792742748,0.8034109789896997,9.160087596444571,116.85092638342844
12.912527669458818,1.0131615103738796,12.884735096404519,115.05849376592587
19.810234652529115,0.6078685768663744,4.026199849148605,101.59006527879521
15.590742327737836,0.9661153231124602,9.277588457399258,105.87224512168261
13.999643108442008,1.2377490850016468,7.442312952537373,98.42869112613786
14.721801965395084,1.0664020023094019,9.847535566289313,112.04860668144849
14.597120238709035,1.168938746900997,16.179929362856367,127.67470702180871
16.439924226719047,0.9068956021925956,7.872770841083383,106.2515555832067
18.531681706866024,1.1609921874928135,15.956140457039798,134.3076098984651
12.047801308160969,0.7873632716982495,10.642154512513986,104.22437676959757
13.74431350533669,0.3482813548700132,12.461930407182338,118.90445445390662
15.719284409808607,0.9614097538759961,12.659383172742887,119.07269903612752
15.65320296190345,0.9284915506942126,9.818518708809464,114.15787103145487
13.632770143912952,1.140702934607157,7.556676287580616,101.2700320771919
15.535192611178337,0.8189732317166798,11.60015554971441,117.71115510423903
20.095748908612375,1.1752453132654532,12.670249009196803,126.6325772142859
17.365892422871767,0.7959414015364785,4.852068543151792,98.00604464
15.290049739709048,1.0147379285551945,17.59185778924068,134.85645232668654
16.905405464084325,1.1173078643164132,6.414839393536093,102.1650050053515
13.859263007859685,1.4573834744613972,17.78454282968797,130.11850184526298
14.68990520516823,1.3027128161780868,12.973310840147388,120.86445115822335
18.576894124855624,0.31252137877262814,19.32812360007164,149.28733973269925
25.185344286457752,1.071635410800854,5.150775859562686,118.99355425097062
15.106557656497321,1.416202749717795,8.604609955810936,105.00660643603656
20.86162762984028,1.374747169,9.699096870320181,123.02002612196945
13.454843584210895,1.1878412210897917,13.77418135898603,118.03347482933886
13.886149178097158,1.1523973136006722,5.745566459546375,93.55289677300017
13.61295886783656,0.8343842784129879,11.59240244253275,109.68558126616948
15.876516466688946,0.8690182033613207,11.875966666804581,119.8820358
15.788215594741565,1.7554391034180763,12.875563412736476,120.77978890216691
21.086316520359098,1.214036616262612,10.184834526089872,119.73859148546366
15.048855981965103,1.285740181,11.737998145130202,113.33077494361928
19.135963984882828,1.2538480688449305,6.881643327805358,109.67002965509542
20.90836534973404,0.7838750786920607,11.962146027452158,128.26349175550965
14.269673225202581,0.9660510137775895,11.775153930562707,114.65963774315318
17.85449728886787,0.7413112894476362,5.104705816562134,98.03143033301869
19.12158624924524,0.5424980895368573,3.5126278034103073,99.61124275
19.33407196081596,0.9208930252325122,9.547208100689625,117.58582152145695
13.872970314629212,0.9381441672274075,18.471058504239885,130.60288018969666
14.051095257095074,1.1319298542919551,12.134558747142362,111.44545399160693
19.87544654741544,1.1106626090548248,14.911804876320824,130.5132909642077
20.415117251544206,0.9119105332194264,6.285848899805079,109.5525298756341
15.68303487719311,1.2325344382966716,6.6951529740884155,102.17374138274259
15.655855080586043,1.2329563515255708,2.392110700271629,87.95134575497164
15.431629115849658,1.234389241277825,15.08776828884489,122.7268077079803
13.826654859595397,0.7288981030346706,-0.959496219,79.02536947718542
9.747519883562633,1.1349870274818286,10.887723421193256,99.43867018949285
19.21578134089618,1.0851070471165454,12.164504911738916,123.3501877464706
17.20456050366711,1.0664290011906215,10.110619042118634,113.72139797599776
17.97065478140525,1.1635608232725059,9.876723368813625,111.30081966618744
20.014129811805695,1.2168220345599539,5.980727065,106.8350881626975
16.86601707724942,0.888354586,7.4682527806005465,105.47257936171187
17.421125717093233,0.6651391710394338,9.739093294733314,113.4716198261232
14.910442084512672,1.2420559484140437,1.8695298997515786,84.67124909741855
19.466500452536362,0.9958655010988472,5.158399798234209,102.88998193099742
17.869926529909947,1.2357954282049648,19.562268343853482,143.49313259527844
15.572934912587838,0.7946229,15.304033180180415,123.9450860451597
15.871562912526104,0.9159091195348954,8.325154865,108.79961450696281
13.66718086075376,0.622521034,8.075187984492915,99.41815010155243
12.558546930787593,0.823402223,11.03426588601624,111.61913425564855
13.502869023438373,0.998066162,8.546847607038778,101.08049547545038
6.308506954239748,1.022283983333442,12.323364561543187,96.40616994680539
16.128717180589106,1.579826380170671,10.50567358921094,116.04335564898427
17.531046129293717,1.1684511064043728,9.303744235297142,114.02732609350224
12.048115092122876,0.8801643099426649,9.771939285557185,104.90291730496497
13.175192395796753,0.9259095466032842,22.748934636803856,141.45176747369885
16.159584854542462,0.8447322502927973,2.7499576585048757,89.02029522
22.11819695073172,0.6704426750208832,17.036520917273652,145.4900942227266
7.328450927297389,1.0427541817995918,10.00277537503567,92.99899615
17.522621147473085,0.7364256208527062,10.285267378792124,119.49484657731347
20.38258582982115,0.70599051,11.195929067255209,124.1857904080766
14.401602790980165,0.6249551786894804,15.17589874322918,127.29139280037386
11.373167335968045,0.9510548220074577,13.535812427987162,113.58024368077487
13.952570905272783,1.2987397103791805,12.040414493974389,113.80483167761471
15.233447994826774,1.3907078491965073,9.786246716850652,112.72405259961833
11.592604452674847,0.5481346543106909,6.713096314,94.26205555
16.854613813072294,0.8948431225259192,10.18504350939748,112.70659712708724
11.307445196279442,0.6621443597216592,14.191130870658816,113.90511636778216
16.006597117193756,1.0795703081983012,7.211594068,102.78015743994003
12.114740900990007,1.1966293333698381,-0.35213569,70.80181664694004
16.38748302535338,0.85941336,11.744529371286005,115.2924372721184
17.41279234458427,1.490415484,10.145789053111622,117.48849166659151
18.153236019106558,1.8484228333250958,18.05177116850187,139.02310568368952
17.410770197523018,0.8196153707751024,11.911318335269067,117.76694737171819
16.459941901848897,0.859291545,11.069854426628973,114.78806592176424
17.054689639548926,0.9305421912843668,13.549633091494712,124.86601475628426
15.493238011591242,0.8466259635931912,0.25800850226483596,82.62385275429638
20.872533974169706,1.1061097328241258,9.216703781195966,121.4355124945547
16.16135800439989,0.8596941164937691,3.3187878180109798,93.22106569721136
16.434209887484897,0.6672158629132658,10.274031247776618,114.2313840139493
15.13948629484797,0.9605308466649125,13.088395469812072,121.28466210618733
16.99866428284313,0.841368836,11.61713173590201,117.93030005062914
23.450070909105328,1.0430404635070611,15.00919551845022,140.15713996164797
21.326522788863436,0.8226925983801218,4.726527825714627,111.72559134044093
15.918167297740643,1.1135279323141432,5.829289364341003,98.30808075466351
14.820416602870793,0.5442447653612954,11.239196470716552,115.43934517698028
11.831795818567828,0.4035016061407557,1.5870103365541044,78.937237
14.107392148205593,0.8600411559760738,3.748422106457643,89.29000806425996
9.555002435483752,0.8063619212226414,22.244301947997464,136.37875664653836
12.935621746779582,0.6532002000203545,1.8637713717010407,80.67459048447684
14.579835496504458,1.2337301247309054,14.329350569782509,125.7529829875034
14.932574182428512,1.0294454152973984,15.526530873899393,126.27261180886619
14.39486355154212,0.8771658898173599,11.19088291643723,111.92948475738436
20.24346270498625,1.6052578072612305,5.326147675407091,107.26830331812201
13.516734554425641,0.9130119327017937,7.336468256314653,95.14445122436653
13.544136666072989,0.64179469,1.7996478720899123,82.42225125252506
18.75949314675355,0.3143248498972823,18.107599947214954,138.6157070527525
14.559958465078113,1.167693436780811,17.154531820358706,130.56970241407674
13.985437376563363,0.39851577454771625,9.600590052,106.89256708319648
14.862087126273108,0.9270198512632892,9.634998411,110.6909501417975
14.06041180507191,0.7362586199690638,12.096064290821154,114.39237175143188
15.833492885831836,0.911630545,13.45531615676741,121.15778246371563
16.07647897816294,1.2962068101143247,4.105380019900796,93.70698762723781
11.314145554587965,0.9566924816900864,23.170822665101475,139.94456316161447
15.129101510872452,0.6829144803327779,15.965938249026147,125.14659052851634
12.304607323807197,0.7514801990837134,14.48989663538605,117.2602868084405
13.39275489942757,0.7192856815049483,15.475384152663448,122.33563543576432
24.999724580592083,0.6684719511181446,11.67313452,135.7323959047807
18.383140451984243,1.1323721310084935,11.688279346373402,122.38421368504221
13.14013811330235,0.5681524894357342,17.78507317843272,129.47299671063737
16.85769634525487,1.4133078177908267,11.524075854960763,117.77129862378207
15.018199894935082,1.2723497548905056,15.226972840520283,123.43062654990746
9.378084053546505,1.124154420467357,12.95816372632104,107.40843913231213
15.518994741936709,1.4926197123018627,5.509345300269768,101.36433055449248
16.964673105166764,1.1554250698360469,9.957068846200047,112.36861919113936
15.390947117636008,0.9180182228766388,12.901943960745058,122.62383315924262
10.65138167544202,1.079624795,14.901882430799615,115.43475998935419
18.886330152016132,1.1554224040665622,8.259923911933038,112.26548778054227
16.452662017459335,1.0349493529371718,1.6831174130897053,85.26637220044468
11.742535878078742,1.0973564320084246,4.154967969298435,86.41534835081222
10.584116194676541,1.0197821998120495,17.787571458205296,121.9688210194395
16.325531907577126,1.469735589479193,9.721967593453153,111.00524214085657
15.232267489215797,1.8710545214366843,2.7642692554738533,86.01824979996476
10.658061052133375,0.9067126781340479,5.975665474500663,90.83791801096945
13.420172327224845,0.9467955745046923,13.876550700289808,116.06895948446459
20.127667731857972,0.8541470327959036,9.441648719178442,118.60446879451308
11.336362146158384,0.8667802526100817,13.686089066615608,113.53024848429065
16.33943381088898,0.8840804239422181,7.1278225404698805,103.02669843238463
15.962914004898797,0.8789971574760266,14.977825841170008,127.39037509484962
9.424089628272819,0.9285409509377579,6.1811525335321695,88.22610492373896
16.03924338098717,0.9535357365528353,4.064177347354272,92.50637879774744
15.701999446421874,0.5043231283474187,13.09083497,123.1471666808046
12.721966258000359,0.6628086322709799,21.538894606420012,142.5136115765184
11.599480686688572,1.3386973661698927,17.941980825576156,131.16572876757934
21.346337829911526,1.2108996943721806,17.926256025522655,146.49519400723602
13.135129309392266,1.1329985202428525,18.898112032552643,133.71987970390632
25.82244475484847,0.7476576942391167,10.192105543094893,134.36240404456646
10.834637897384454,1.3178915975725989,-1.906297299,64.86430667194078
16.214254029173368,1.3619317515882923,13.92947621782296,120.72350822041886
19.004896843922293,1.3313754034497538,4.458552060476365,103.66240603377594
17.609239085413193,0.9765193334550442,13.534810009771691,125.87050958983592
10.692986535441282,0.8058723894119791,9.238280740567722,97.36548309257678
10.675496553970408,1.1825826104923354,11.704592777863205,111.32288892698189
18.61446199364746,1.435693394598712,7.651236642561686,112.63792179771725
18.02804972946277,0.7148225537545686,11.528254147070024,123.7250169061514
16.201260208341445,1.1232886093796906,11.955608804217269,116.4048764769848
12.01251046829703,1.292085715200381,8.396631165205056,101.3850416375681
16.334445049594457,1.1185504583629742,9.170291287862561,110.28888406777038
16.257669042253006,1.6633186019077637,6.210430991625033,98.22321806
19.401941300924957,0.6551544289799424,-4.284977975,74.50602633794489
17.759672410041922,1.4887334925791342,8.419474026581934,110.77276283304003
17.342743583751233,0.9644426649651429,11.259125934401549,118.80162771713749
21.722678349643513,0.26127100071113346,9.029130845895587,120.36202493749695
13.208053515712901,0.6876316783988383,12.829982716526983,113.58896744909104
12.706682226585356,0.9778184567256681,13.185700323854872,118.31094266582903
21.391823827613408,0.8153652014691524,13.12212446,132.1940729581769
13.152417777313554,0.9474386030822194,-0.02932642,78.46301708
9.051240670966468,1.404568037721838,16.007735436535967,117.22023175700518
14.993673746588515,0.9117355357825123,9.042482786262958,106.37250572874355
16.143935383806145,1.3693129771239605,17.588534375302093,132.90253573576635
15.218226451534813,0.7122510437929624,8.483708229754393,103.61990364495908
15.131476181123459,0.6638723123207244,11.357986867816598,115.07110667187841
14.96492036,1.3086882752612214,12.722062421532309,115.57958070243133
20.42782070908636,0.8644347696831859,11.623276768997096,126.26838170249272
13.597222667641118,0.9598133189460446,9.716475159777959,108.98181035088952
19.109294944436996,0.862366482,12.681241389885223,126.78873275077859
18.883977008714663,1.0423226473132452,10.84942163857183,120.20362002369649
13.700859882770125,0.2953416627264173,2.485836105292747,86.39481067972785
16.346498440644606,1.1480005611670887,10.217871667066023,113.20739765782027
11.542052817136362,1.0852320683020178,15.867585182787863,120.1286646804152
14.130197979546466,0.6318048559074494,6.450076858566648,98.41820139
17.615039219675392,0.823052215,19.19272008839633,143.5004565737343
18.750950767061003,1.3313970340864016,13.576747848719725,128.3263622455847
17.441588190270487,1.3593277608222605,9.018310287467445,110.01934103875949
19.07481171511485,0.9485188007832717,5.481698502641384,103.43854457550421
16.503269343925048,0.3334558824814515,10.12828421970062,116.37397942042551
17.246504097156297,0.8278327468109814,15.458287633433162,131.00793741739852
11.08719244977452,0.8096332965186622,10.382709266059818,99.14486851743449
15.907415575735477,1.0012441140707353,11.448805602164633,119.73786350045447
17.559208351829934,1.186558778289476,9.410488912482412,113.2612515186604
23.032520896732375,0.8219484277157201,8.165559335,116.87301028743572
17.765222884963734,1.0441358035832773,-0.619130137,83.77021364497706
16.65074161876934,1.178452076,13.54615323216883,122.54932508426961
17.69840635999663,1.3565361126117645,17.918649973131895,135.69883839370559
13.602162912977354,1.0326502162309046,2.137210015344807,85.22927164967295
15.434524974690396,0.9849750634063389,15.06996346442704,123.38653878969703
15.168181921650437,1.102600967,11.698861144069856,116.73550876099634
20.34125790081165,1.1199523381568237,8.284254812556537,114.70209294298594
20.148671334096157,0.5537339564443359,12.12848703185781,126.60011215556055
19.680070715381202,0.8007388648778064,10.162643826263583,117.39248270219723
15.670550971994754,1.4232116431690616,10.958434219829732,112.16176157941688
16.91411653112506,1.4683609587659345,9.357213400302477,112.2822813537142
19.434850030977014,1.0932998466167716,2.2898538071533547,93.17990775
17.903230128925106,1.1611475557421675,3.1283209728201933,96.96495088014812
14.701081003274965,1.1922339100250188,9.875165064180065,110.12179462471049
17.461827625165974,1.001910734123178,10.270531026695213,111.21237710787577
19.790005716988883,1.0578276190438696,13.801247057813214,130.6142025185241
13.372011781545337,1.574890668344681,8.934681004,104.9237015121077
16.353448353206954,0.607404049,13.35854723359955,123.69025165828133
15.393769991965021,0.9585006956606803,16.270214076162617,128.37641512361876
13.814458838147756,0.9136740692254398,4.770441969358482,87.28885966
17.955118181282014,0.9194137298803977,11.333020202270669,119.84939275077267
7.750171110491259,1.4636377504504363,14.59862098081876,107.97623977410282
14.787804600746643,0.579982805,3.2066019110187582,87.69808917386933
13.296770215313808,1.3928278391446711,8.109071622132808,102.99107615504505
15.848918783129815,0.8316205925119692,12.177778594413754,117.35683222335157
19.936303961523528,1.2617233540954047,11.374201595771591,125.59217413745394
13.155616315408063,0.8282914901102318,14.957794362242709,122.89342301381376
8.728431623073046,1.2775695466041084,18.71224052541182,126.20055031649508
14.443940979130605,0.9656632556849006,13.384448270259389,117.6162930489934
22.62564229021296,1.2447235343257246,11.738032822399065,129.0124025141596
17.414758227281542,0.8875808574232753,13.128376832811771,123.2991350812201
15.424323261438394,0.9288001992305771,15.429236416024901,130.98685863288517
20.828285473085373,0.8182838535231962,5.791802173443789,109.63773528705897
16.92248526379284,0.8667238315767561,10.47972230688087,116.0284315779572
13.00320948752833,1.085987910335839,3.112261213136709,85.60186854941328
13.130883491185804,0.8222606399900695,6.931137191603152,95.86128492675154
16.892361396325384,0.853291276,11.251303763842389,119.78334577275723
18.907800338571498,0.7017473030996799,15.45649322,133.20502574024508
16.185333817420226,0.9357303548869048,13.522852319283057,123.27452651216163
14.952895600585665,1.2582937202924538,8.756302887786621,103.16544765316326
13.340512752278237,1.0655785144585257,11.428013067578728,111.63225266011408
17.136126707229828,1.1529853134409815,19.06275059977419,139.47671857526396
18.696167041959843,0.516884636,16.834625082706655,139.6311509
19.486319566149696,0.5300020142295585,5.241407421817035,103.61074230778509
17.98770165823993,1.178117239305416,10.679974975024463,119.9728255488709
18.48632854452742,0.8643123887451811,8.655075728402844,111.31365165588602
12.337929559934762,1.2683039715720164,5.691311157172657,90.89098663621078
18.263471628496912,1.184292042515609,11.804589206821746,124.64355701069685
14.476765608424152,0.6396081867690314,0.19211795068742044,78.70534853398834
13.499635320921696,1.122014699675775,8.465896747329875,100.58877356673452
16.296658581242006,1.236701908473177,11.971272530616854,115.22751244285101
16.95058570635607,0.8053169359932835,1.2338494665876931,87.94620655997086
19.616463298713555,0.9028981994759364,20.20480685168879,149.0888351108278
18.866581691991087,0.8244146966376072,14.72471904207902,130.05604000668126
17.92924753650819,1.2294304173878372,7.182955160956006,107.45843621941897
10.690779698077112,0.7225305066699773,6.057879486537416,88.08216217807482
14.984544010103994,0.7774308474171666,12.197747782808067,115.63264152941768
15.911352954991985,1.3074064803009755,9.711565163808737,108.74121724866009
13.789898714120271,0.9291517750184993,19.98776551,136.80993641811966
15.99857360563824,0.4144055239664504,13.681783840143039,123.7258433677849
10.137656835832095,0.07382323,14.274823103692038,112.50535343020164
13.53034670036448,0.6091043952967623,6.986046365833073,99.31037615134701
7.287940838654475,0.9224559862825558,7.572765019105799,87.82249867225633
17.840208473295696,0.7833860624775304,8.876260184,113.9700969842316
13.410341215693794,0.9021235248735983,13.421418374512218,115.16765347894197
13.422716109134706,0.8569797057928711,17.16682054172572,131.02027435042143
14.98687101543946,1.0631334863836066,3.3254651257421965,89.50019721131724
15.853285925340188,0.7117914656816523,13.094792800871925,120.38563974616187
16.27671109077919,1.0783902787356077,10.86808725577386,110.90608966005446
14.195683493901589,1.184925513122624,12.44863348802227,115.9205587928466
17.879711234093847,1.3140888623777138,8.351756543987408,112.68323401490757
16.73991376905451,1.5167141602143677,10.451120925057984,113.23855273431856
18.877896479391975,1.1914507317706013,6.860700637089022,108.72640102330855
11.874698025181809,1.0293537819845442,8.271175919,98.90165268476059
20.84774792088959,1.3516319013543385,4.254258451786253,104.03472627193341
13.403628445416198,1.2832052342278164,15.15305421977166,120.74918911022223
19.478150759285544,1.3528431124373106,7.829340664,112.50011628997773
10.10946139788133,0.6157161129730961,15.267305702144881,114.59179382191192
16.891753471751635,0.4392580184329681,6.706326854862347,103.77976409915559
14.947628024305859,1.1301291382411707,8.477879760773309,105.9616374508031
17.039227707565338,1.2448840369497463,2.4484566864465283,93.05337956982403
11.383118820247278,1.060710389432296,3.8177672670566274,81.05450443168691
14.073487597247242,0.46977801447348827,14.091126565869668,119.19564177186565
11.846056366943596,1.0111476310741923,10.85754464914275,106.89985931252328
18.91067230920043,0.4976563802259681,11.862486201809284,122.64789471623084
13.035964926649054,1.3541725500336705,13.473041796231264,118.2904604037029
14.221325377495289,1.045894627451108,3.6720967081602107,93.03648753485372
15.616323827702434,0.6498686527717681,4.688998714155963,90.83512863783264
19.35325248,1.2883014921739468,7.186741202801654,107.98779187239987
15.527720245819996,0.6637406902975872,17.882837630824653,132.35728003710574
16.601298547395743,1.2523893162371011,6.565607878771961,101.95029615715124
13.83047725005842,1.0254682969983433,8.887583592979048,107.04350822611453
15.044714211799004,1.2387138249051244,13.466336836205073,119.8621463075159
11.793922837368983,1.387146178294257,12.949064513876856,116.30630619814234
16.743566946919493,0.9975161527321085,14.59629359141505,133.22153497491286
16.372232257052836,0.8595575503053011,16.060658968789646,130.4599166098034
15.341429018718614,0.8469340975213568,12.276898828149683,117.96412189272691
20.66752447637017,1.0180319503246604,11.919369085675363,126.31723763207522
12.12473247,0.8864336458137895,5.4646683284536515,94.65115278299821
16.649905704634048,0.5802196608255731,9.071842851,108.43447951023225
16.205795436153757,1.0939441745603204,1.982854131231454,87.23613296120848
15.359206105828882,0.9223569314281799,11.816698082053676,118.36422971669828
14.279417248062579,0.36538595134945084,7.477315502145062,100.02058239196899
13.934670246193727,1.068280877157104,7.865631631882899,103.81708473995808
14.612820083573387,0.8656441022531122,7.973344955479022,104.17066984285098
19.69859790758788,0.7374444035066166,15.467963517686366,137.86402990921482
18.420965064128435,1.0059996075674338,21.260851611977294,150.1631188729462
11.316425499177214,0.7194203569200637,14.632376608316376,115.10461813965405
15.42034578756959,1.0426445310771284,10.534429306435397,112.60895267595463
16.755606808444146,0.8506810193275615,13.516267979624086,122.08343067674042
18.48547413213254,0.6910347795574221,8.874395808437404,117.75428474600635
17.114032151610544,1.2069047407454583,6.7918690432855895,104.6780401
11.25292750785252,1.2475892608959687,13.83422371608079,112.98469116548213
15.530403970360624,0.8931077895562575,9.180774428,108.90784653002623
17.277281689965488,1.6474464513711475,7.249875288406605,107.4309582308533
11.639816254425895,0.8400547464247881,13.759758157882121,113.00688938693315
14.993580576873084,1.0998422890161499,-3.723238428,67.27570479600774
14.00577485186003,0.8214574219217076,20.46198593,138.7194841004472
17.029265222944904,0.8515269444873781,2.0889043911760874,88.15116825466687
15.711985683600833,0.7394681267389043,1.5566032345598235,86.85566055007618
16.737292772793428,1.0547350392005719,17.34488901643462,132.7838795767764
16.47570387865725,0.8560752483391473,7.885284206769753,106.80970207127298
16.052430543458236,0.9546766462781736,1.3492266921464413,86.64465465145975
19.924264636313016,0.5939054286578439,7.5619143281131915,115.80033576411734
20.260471059247877,0.9785005842502559,13.600971195147878,132.1008555831314
15.247501817202897,1.0583343765212954,12.212932426683292,115.2015679785501
12.28938586,1.4341788329683378,-0.359897062,72.92367982581536
15.903900600979117,1.5373944358148035,5.597058823432281,96.75747672768897
17.238599718826382,0.3642867788871542,8.695531397,112.74718723461879
14.751958491698382,1.3615401572687944,8.017655318088213,104.82029013293142
18.136535303909174,1.1853999625229543,14.772824112015794,127.47919349540803
10.832309334899753,0.7018919118626157,0.1958246712232281,72.28614021825732
14.834316096686955,1.1648657862542238,-4.928979724,62.126466980406875
18.587470484432227,0.8152717266758628,6.0903992463908105,108.8242219115925
18.34221619263985,0.667217298,1.5422181714560956,88.72944787887106
15.11759805518101,0.8737216368912586,12.588032134846049,115.0102274240975
11.498194134264336,1.251507185278213,10.354545858212585,108.09396650588923
10.408503921965224,1.2652370504487307,8.169324524714101,92.77968345946698
15.80615275286785,1.097760036561436,16.35934490489685,132.94948574433246
20.44428181,0.9129984665085031,17.142703887547007,141.4695931857993
18.660392631953528,0.7711829411500801,16.17352085404829,135.80543064949092
17.267563001921335,1.3195217495082427,5.849229411442304,98.25800116142617
15.877300973103711,1.3636048215671999,3.7309748899775173,93.05324094548833
15.057745285176424,0.6949257108798699,15.868973075822334,127.71055490611879
17.584102707109516,0.961398117,9.519453651394718,113.17765865961911
16.72479494382272,0.7284851857989666,14.198408649241292,125.50507390440431
19.324476982740368,0.6628604754519717,3.0129471268684203,97.37214708373955
17.518852220678113,0.951572002,7.4045242682081645,105.45149429702309
16.119340937812375,1.180156539127295,7.754353729404342,107.83669699601798
18.679941146855597,0.7865736960162399,1.123113495471454,91.88018260953221
17.706209719321606,0.7944005965714975,4.631891950661474,98.56385023018453
11.056506668272325,0.8989813898034508,5.855416935262788,92.66690158562645
15.358818000978848,1.031723912,8.520255633138843,106.44572097735237
15.101470522826617,0.7364430880819406,17.95414618146789,131.50737836458742
15.769759286916342,1.0289677838044908,19.165963290859366,141.87620730055338
23.54568566600107,0.6339221089481886,5.396133723282896,110.31612470012666
16.65073930355578,0.5815401242882298,18.59229368,139.81302131269152
21.41974885630702,1.0096429883541285,12.365788158685554,129.7597978277056
14.853947864570324,1.146164395134229,14.183930621015238,119.90097876448775
17.317167441356094,1.166338705531193,4.534723925652401,97.71815425284336
15.889608694734381,1.152279755,3.512152138294331,94.48207457453887
14.498972552545258,1.096831487483115,12.382385777330892,117.11829467804638
16.00517965285596,1.4974110750512117,3.5552958481659402,94.00117723697798
18.54754143390332,1.359336416455872,1.553453585581045,95.33643849209014
17.744986010850337,0.6752309239339482,3.072857568,93.53705502
19.051259242073606,1.1261077263088395,6.976035148933903,109.24956144471423
13.481812313443124,1.2608728355620478,4.412414903293747,89.34402544243275
18.52338712,1.4370552427745402,10.862893473646382,119.07826803707607
11.397524951657386,0.8055180996446522,8.728251879168782,101.38819768346599
15.742184829115983,1.4399730648196016,6.072020108617639,100.33833896469626
9.775042559855827,1.3933122576074104,17.005030438511845,122.61289849235149
15.402041884020766,1.0634808810509733,10.97094497672656,114.93335853804511
16.790545021304254,0.8011229981799355,10.588723855461959,113.3567826332924
14.525522465458339,1.5121654773238515,11.421892362862957,113.00042781650603
13.522762343978682,1.0041122951298906,7.885500417337278,98.86179980153055
15.464923385427777,1.0607830252749297,8.265444295493225,107.04431084224133
14.682628115087212,1.4091136441989147,13.515103803778375,122.17237656210149
11.757008943228032,1.1607125806410048,7.215960733468533,94.33867833628143
18.54681131733595,0.9289208221179062,10.021000436203275,119.39926519910323
11.911965113314658,1.3352258719050891,8.448575129,96.72423450169521
19.319000714232306,1.1890318611290727,-0.002578887,85.72828007129704
14.750436427675425,1.2500024794497286,6.030545663255324,99.20763479306478
15.943656272914584,1.066643437269891,7.270741395311186,102.27514794020925
18.883117231446512,0.7408777865422193,12.177989845746305,123.54121966243055
15.166202886740281,1.0175777509588848,15.44758851818419,127.81617284319825
19.40716877760213,1.1892095539452885,15.709076448879403,135.21783724322754
14.482873305983345,0.764470646,3.4959646532552924,93.06256763868642
15.461437520105141,0.6014109536476006,7.142201831193614,102.74530847929566
13.528955373302178,1.1710752648575014,8.524726516,104.30789202196524
11.75196459765571,0.7822645766945279,14.043018116444625,114.11023854693853
20.198358271791687,0.4650247661248623,16.953527119233296,139.4916854112448
12.458349188963144,1.0348182116557567,10.99080479686477,106.5355304652218
14.08304584170783,0.4475372599743457,9.688755808193122,110.55629001721553
14.96302384785916,1.1178243408001973,9.016334810703977,109.62923923918433
16.20056786503084,0.7789056838693608,10.173518926227764,110.82294162747539
16.09996937266442,0.8163725461674239,11.4475683,120.91212300046345
16.699974530377787,0.9050528586082329,19.249051089603377,145.30973777426829
15.954014382962846,1.0496888109596103,11.58633708313789,118.91885892759856
18.594667459758362,0.582068826,7.684806931791921,111.64645675862711
17.934619462113595,0.9904798511672452,20.133803829608734,148.14018143838524
17.897587926961986,1.1320562728888655,17.32803481602601,137.55663554459596
13.270270428998254,1.3664322290563433,7.298935522512201,97.56755683966178
17.192402979152114,1.5640884393621368,12.280496217465732,123.86840648480867
15.963063995477725,1.4711753043050162,11.24068363465932,113.5467473026495
16.995060864949163,0.9524726787124145,8.699642661153772,106.57854862180851
17.204994451325902,0.9268621432908847,7.1854877418950975,105.89306927201044
11.102551926683867,0.7452975899347929,7.574389234600706,95.90225116712028
18.340127747741217,0.7624938123423208,16.035358218533197,135.68226990915963
22.12349870460465,0.9664387362674921,16.95381115601436,145.2413782172411
17.060026793246816,0.7460250114227835,7.096348328836149,101.04743821142561
15.043888330586284,1.1745819617441595,9.183994078592223,109.1543655980591
14.655914537025696,0.6507512674706268,10.401442382204863,106.61328347292111
11.745790049928257,1.5458360148678287,7.772752635575921,98.47361568135948
14.046175304607205,0.5331408938086016,15.532022611069785,124.50104911078546
8.880916159237348,1.027607317269791,6.332927305473363,87.82939669285754
10.013491418199743,0.9253933403827664,5.146737872257733,83.19845269443496
18.087150762128804,1.4378447377060515,9.699996396407728,115.7891668511416
19.471722848118432,0.4749796058681701,8.608703912,115.96616380430649
13.187769131579874,0.580815723,14.575442508303498,117.98529585042314
19.061954179410872,0.8030486485970417,12.909161713163913,124.43984469374135
12.510971827690277,1.4788813411904855,9.322606361686432,104.92781419442512
19.221973307307028,1.1776015777584319,7.027862536222773,110.63216849156814
12.052376281361699,0.764266219,17.592167075838727,125.6925991112762
12.031545801178831,1.7443353275118707,16.534957841844935,124.54839835862903
12.96230821558597,0.946942088,17.71379859256939,129.7780464887613
15.574402223773415,1.1135565876627787,19.69799915595642,139.5000334301699
15.38575488020906,1.1044890815209434,13.745125975532911,125.59237713079919
15.58386051,1.1679884726154264,12.611393211584765,126.26640644342164
17.252459827374167,0.9860509384503225,10.31429321653689,115.76477816728455
14.778296116395149,1.293022302195469,14.213803181572638,121.16472002908878
11.601851885008724,0.654547678,8.534127881154776,98.58341316428317
18.333022510909352,0.9547191709594371,7.984065553715797,110.49418761114794
11.633305184710395,1.3071923208527338,12.891697249801604,111.01362238379649
15.17727238243239,0.6870526173806257,8.665714165636249,104.4896986043518
14.003033814421983,1.1317395004900024,4.246682851981122,89.58898540017081
19.123151735343107,1.1763604774746912,7.799118130241395,113.42139494827518
21.309105991810178,1.7330193781845118,9.424364762210768,120.8606803390169
17.758755995130713,0.8757479030441038,0.8811529795471129,87.34230031791823
15.911034466088829,0.9470723236834782,11.371175324451439,118.68994163738847
17.297759917788937,1.0673882309974219,14.930747929701127,128.1098450669723
12.616957696565162,1.006765002583815,2.0582553042768703,82.67402525
12.670467586571629,0.8572944013883671,6.143053784758277,94.02079024
19.077977947276633,1.152405551135063,7.795306896,111.8447164861496
16.94699535228263,0.8415119845385453,7.438509883149237,107.02907534935599
21.68567965132049,1.1726249616763398,9.410978749381623,118.29630931082096
15.558692544155852,1.1371165788048665,13.931487582756468,121.2822689421426
16.37645035464782,0.8492643802913111,13.952526400659991,122.30825399327117
18.165575788045942,0.9458455575173447,-7.27231229,63.09184235580445
13.870135516307572,1.446003056585738,14.939550298932657,124.02873766962362
18.08084589052271,1.179476310762483,1.192410010055578,89.67684174223787
19.039002549460434,1.221761005825762,14.922340480530908,133.94689709607158
13.140110508754782,0.8837980238026407,11.573715266740143,110.60398159214348
12.485166839365707,1.061683424503619,6.401725661173188,97.40383210636509
9.925351070636358,1.445768442345703,9.999376912627053,100.82713350532184
14.426577745794532,1.306711746,3.6307847757495306,87.78823069581304
19.587871040091102,0.7278881923730695,13.702729623555536,129.88787510996963
14.64169596839193,1.2068145675755466,8.598114143,105.19797435812158
16.160640227297797,1.046629512169904,15.695600643457086,129.1730273638746
12.584533616024238,0.8283175483230578,16.957729266738887,127.00721887284291
18.45905198812583,0.6430930259154763,11.190243378074559,122.62771281917307
12.350921776463748,0.8371271809802707,15.268200885604132,120.51863613513396
19.458478114338448,0.8929281824360862,5.333836440391873,108.74772604752997
17.19282066293522,1.2415038138130008,16.919066259709773,135.97810935060764
13.092948969105713,0.7815253685433714,12.02634257772962,111.26465319231175
17.12752464402568,1.3849833133528044,14.594574392408528,129.35564051020128
14.993497557996339,1.0415746155790095,7.284632401736363,102.45411571986928
12.094383695265988,0.7031071707330517,6.799789623465349,96.26126974041496
18.86863709217481,1.4962754000475929,13.212419334134582,128.3256646974122
18.75928707332747,1.0625511626596127,22.36597195870504,154.0596279662673
16.393431014677322,1.031454707566934,15.04452376676877,127.12043868441148
15.285772416280079,0.9801332341949589,11.375185064075133,115.42038543965099
16.376956027369122,0.8334626135486018,5.423809616649086,99.37500961101642
16.118602625328144,0.7954301056616732,4.374245205828381,95.71183769490884
13.176011783163604,1.624420140002074,1.3177463986214544,80.98292945
14.866129629164222,1.0099305090107813,9.815989608785328,109.82162952333461
9.194652238,1.1689366029741994,10.774436395360697,103.72893106099463
12.358654192193232,0.8869440695841171,20.762506027390245,137.9845578614147
12.403115012820962,0.7711432724377766,10.440421810667488,105.39956042993742
20.70877486174259,1.2557322261651214,13.791733455158708,132.06803324387218
16.05719845580024,0.8475212795094985,5.670967511709669,99.99899384
20.731107231850938,1.1387663528380438,5.784007944170143,108.4713568106895
20.888095117846273,1.316643158829858,9.762646253981961,120.94279376342178
18.647584736280162,1.1656654281104069,1.219020650338527,88.05657808866893
10.36810026229793,1.2167080735281692,9.220536774,94.55002972274131
18.728588023256023,1.148026842047765,14.769658495187265,134.3280430608284
12.262665532246562,0.8244743110876622,17.568420590399107,128.2456987
16.076555751229293,1.739660794836831,8.496565312801154,103.57980517213574
13.578425413267396,0.6657355585499358,10.953427403533663,108.5977026743198
13.467856662749105,0.6711713075038319,15.416732370437389,121.89127433059005
23.85224038,0.036620418,3.334582853188943,104.99183497817668
17.648572036913897,1.4865535187112422,6.493471637695015,104.53010217207327
15.39831124411322,0.737558725,5.8196583031171185,95.59991968134354
20.493123993367803,1.0804507337409957,12.413868536307218,128.6894031300967
15.15756396650629,1.120172820150765,10.758959561339791,106.81644906543457
16.339702612688413,0.6899119935673175,7.659489432369635,106.47971341184895
20.76793962069735,1.2242380176159102,12.049055201924999,128.5570616332437
17.262793651743138,0.6763515579541951,8.382152828172273,112.11107575003066
16.807797142899073,0.8678964615825525,3.9726838217303206,92.24979566076946
19.80715669014423,0.2878335004298515,11.88588025,125.83161405744882
17.803209186493163,0.6648344372418359,7.316678998073856,108.24781322955621
10.391549288016346,1.3981029007151697,5.204265158852802,87.93368894942407
14.158100702902248,0.7305108200867727,11.450179860482965,114.72736782729928
14.74788877464134,0.9539464028623197,9.938714344844227,109.69270379043942
17.492892843607557,0.9435156572897174,8.549600127,112.08161256820175
16.825074024294498,0.8805360859031717,14.303467620473695,128.97356270674445
13.579978447680414,0.9986367290558972,2.55445951,83.61474914005198
13.35086040662745,1.1472753845989379,15.98364308928714,121.81537391029181
18.640270490749955,1.0160544388666743,7.296618952128652,108.56834925145219
14.73154367669171,1.1349990837228277,4.670999694906131,91.42156020686463
20.979928061669387,1.3196885921266248,2.131775042914197,93.81336880706307
14.520872729088275,1.387521248969742,15.757621911377083,129.86021584616714
12.301743800388238,1.0243523583716605,5.415748771671012,89.45123337770713
16.181689039071337,1.1707783408945194,11.412718088844565,115.25297562567594
14.08876628420836,1.1504611750976674,14.197488514261792,119.23985584775622
14.369364397815989,1.0151431907580533,7.831051477792798,100.12848973565964
15.251088887683645,1.3026526471162894,12.127945513285765,118.93702346813949
11.19680420449494,1.0998129923531401,11.01316933315586,103.93575221937215
13.638885057696681,0.9809456380762497,7.051572478877485,94.13122251
14.13576969047217,0.6837742416440876,11.400654555991936,113.51031076769517
14.187242428007863,0.7852584782788228,14.25838614947715,120.5069148259543
23.15105566,0.6465251409427043,17.40897659197182,153.40453580767692
13.960890985936604,0.5407457409352804,12.211588227197542,113.7733811514783
14.138279589916692,0.9795297246109135,15.42863537112334,121.72861927425846
17.11670034974992,0.8779393851834953,9.196999401698818,113.38420183700207
19.093111279295876,1.2074623476263637,7.733664898467873,112.0473587713672
19.006192765152292,0.8068169727287471,6.335137757206847,106.46826505081046
16.907443711947394,0.9394328661035064,5.317849856358517,100.57089570346778
13.50003030761558,0.6527366295188117,17.49737879310586,132.37910926797338
21.10108376031474,1.502211480740128,7.283044718832705,117.1917300395019
13.010456919181065,0.6174107009646106,11.521894436311044,111.83862861821595
14.518850970469087,0.3558093460248692,12.873274910643525,116.85425506911709
17.133408622123515,0.6570113094846338,15.888487762684676,132.99376623632622
14.364914409107408,0.8383298906410847,11.63723365129721,115.75227443408703
17.38263456980464,0.8761692412700628,3.0879574589716796,94.95251648975822
11.545885596746727,0.31943081071079504,-0.268915879,71.84472837258097
15.890100955069524,0.8552983989807167,5.018417782696594,99.83128493959697
12.995557155060297,0.7804432312104443,8.656985843379333,99.08629610106665
12.750294694211712,1.5010952935019495,9.736452403854726,106.3065511699468
20.197858182882655,1.4243704914490338,12.533930526869751,126.83296373873245
14.274383601105615,0.7232181830567411,4.177641626733704,92.27853133767711
16.131377660078613,0.8537400016511614,1.804538715927374,88.09386101
17.286237811660875,0.23901943725779815,16.25460329882047,138.7220012504539
17.13498202560835,0.8682320533187474,4.827194767901805,100.3699242596279
20.203300227878607,0.8001106757496003,7.882170680643688,112.4419607198919
16.29780324402362,1.2963058170265285,15.770494829876856,129.19852493268698
12.239094644659406,1.3491237464892671,12.484686835490603,111.9018819528152
19.07333650435887,0.7852185404446451,9.444124155822207,116.93663145443684
18.360629727792407,0.6546612048483922,12.807292552732711,128.9494670325672
11.105072784870858,0.8163961512437925,18.22787016179268,129.03097787955474
15.732255328326408,1.0936292462225483,4.183623317718003,92.02692736903185
15.131064135515029,0.334793764,6.085207668,101.54213532462613
12.604711889724477,0.8027450175863539,-2.170843397,67.16283782059318
13.281221971545186,1.2024826903885173,9.767627763407278,103.19439604107953
19.651977252546246,1.1635592849273846,15.318358349866804,131.5941142076293
12.537330524975825,0.7986652305362707,10.708286660789733,107.60949694284658
19.12796789216828,1.1896386928395406,11.085533832309876,120.01708885677168
12.602269495528647,1.4017823698335818,22.941988887361152,145.31998067198393
15.08448492563126,0.9295189139254643,3.5852759493347133,93.72756119405697
17.148142816195953,1.4483933953316452,14.951740036705674,127.40261990086516
17.754092080455656,0.9983960040365756,12.693820408958413,121.76927425718141
18.575109282458072,0.8040103771404055,9.456712822876174,116.78271760255542
15.183586473306864,1.1358616693412642,-1.283333967,76.01220178526933
15.593958716811299,1.2885732881720395,13.460372303087045,123.71493531016849
19.770156536479348,0.7513883901751169,15.32237015206386,138.14766381334908
14.347304855245968,0.7949463692829837,9.361852750956851,104.18087131948046
17.055396713294165,0.821641913,3.558960150870737,94.23446745822964
17.60672720988766,0.8317239525926919,0.42916473185473425,86.35450580552182
17.56817176901569,0.8082667592308973,13.303117914822943,123.1436717309384
16.6951038,1.360990249032434,3.2022780959286887,92.24461478132476
16.09381903207332,0.5736996349172011,18.389128657215846,137.00101649370646
15.319741929830888,1.2409604541922585,7.184178352312251,100.42083293230606
20.041941202566598,0.9733244608050096,11.02300747570395,125.8963269434725
18.400936419656908,1.2299227469451635,17.68640941203229,142.27837229529118
18.425049831587042,1.1315597749753266,9.000125135,115.94099291917247
12.519971965474266,0.9473489150789695,8.984777015225646,103.68520651399164
16.985748860581644,1.0633946361183477,9.239406525469187,109.69580413057513
14.565925683714111,1.4372490223837704,12.35400934,114.73171104685792
12.594706319367173,0.9170827577839756,4.715912889478623,90.73724060500231
14.541489413232659,1.2712010578930117,21.37132908291321,144.13025088219558
12.801499663175026,1.2538853575603408,18.989738476391206,132.45276146741435
19.106325528548037,0.8102395161612939,5.822617319699271,104.04793442420508
11.245902969334722,0.4616599363662335,12.367022079241108,107.83663333536119
15.404000331108714,1.3476745069624285,10.947174151767248,111.3045320230647
18.44139375462054,1.2233628833419539,4.940757562773709,101.1778609479094
10.898201210100781,0.9171485152427898,7.466479271236196,91.20241311056412
17.70297072044214,0.6513442504121334,11.418262575454296,121.18660565613818
15.492457882668774,1.239480470261534,9.429839368624625,110.8876745769214
16.241234175604482,0.7510872829388728,1.7540438763004707,88.07584284826879
11.319197352471914,1.4767082407270928,5.942872791808717,92.44160126587555
16.359956403753944,1.4512722046776414,1.157048621548754,87.18164053081432
16.899275422458786,0.8423973641331369,-0.024134847,81.78793527
12.279063526645894,0.6576723742477898,2.849225323468927,80.11081088892217
14.628157599744883,1.304629820061101,6.958791207112942,96.25989269488079
12.558563433839412,1.0080657700339286,9.801311428801878,101.46736483567608
13.32453299,0.943351192,9.914073832207219,107.1605537128628
14.021560965793505,0.8149165444509044,9.738077730885152,108.38882272885147
14.270709336032883,1.398478057,6.534144504582528,98.53297006737927
14.858073201437803,0.6271521486843706,5.827749400543531,96.75776467214484
13.862280573692187,1.2010547204532005,-1.32116045,75.59985607991284
20.548667336514708,1.3559503339261896,12.87114158859586,131.7531291
17.939256977785444,0.9884475590862862,15.299350859185274,131.76340417619664
19.529879878133283,0.7490047674228885,17.460032586032135,139.91699623920442
18.91388839317122,0.7351934363654413,11.59646299681795,124.96354334936314
14.305760963337468,1.0678830652760176,17.571273272642575,128.78111072202213
19.775102932199587,0.7760841019093216,8.995959853957451,113.88121786265707
19.935895881587047,1.2718415393198599,5.261477277368225,107.1824905600719
14.799528933755976,1.0073844312172682,19.055727703925395,136.07598471313764
14.651441625832346,1.0864747738820375,10.599397976835649,109.72575905468958
19.783687009529878,0.930353358,12.444915413313986,131.73397677817167
17.281762201837928,0.6500494427711676,14.022604872406939,129.58276857363634
16.331746671500945,1.1595317352886272,4.047521964247476,91.73078326932611
18.81594427,0.8412449563343238,4.281512366179411,102.23569207587676
18.723081971781244,0.7231102075727093,9.749589508904984,115.21802560083302
13.47599667467392,0.6128788128587502,12.950167853176847,112.86668394024504
15.49218130112476,1.308580427440493,16.616323174535246,130.39906505682245
18.385642789120773,1.218984049164368,5.229784502,101.94637943962431
10.743399544451753,1.1033455878448508,8.014105773321218,95.06426608488667
14.873640946245391,1.3838386116187265,-0.383193315,78.67368258118933
15.058383975331619,1.3183707493234733,11.937445433494805,115.65947084675217
18.498729140302075,0.712785736,12.641662954424467,125.74519483957282
13.644365010874056,1.0512556420154857,4.539765561382872,88.91508503873199
16.9022775,1.285803566897602,12.71186433990035,117.08681305319482
20.13946664297057,0.5508346001493531,12.206444156479062,127.64463176615237
16.743153352316703,0.2521264772201884,6.186886060540992,100.35418167549633
14.05634194562047,0.7530919957665209,11.785977128321182,116.03433769156098
17.701785197092786,0.34648960508734755,14.701228494384361,131.24581402479484
16.380577185456364,0.8284395024587202,12.243578505945875,121.30642215916788
14.45091294759485,0.81333151,8.771603318216695,106.29940790026487
12.294747289893069,1.1568544663798885,10.538703897087194,103.21034428366727
13.458999644997899,0.4890909764561491,-1.382323897,71.71046747691898
12.229647889597455,0.7167920935021653,12.761229427315984,114.13846182285837
15.634490499379424,0.9527559558500244,11.080542006805395,113.02311228286287
18.502245087060412,0.6592237143994698,14.879182309986698,133.29147699106645
17.707591916585606,0.5854927864157169,13.341534585801094,129.50194863230936
17.94673237918915,1.0541704019316485,11.89547668724315,116.85117255401997
16.46857512854099,1.3486444053760314,15.942855412850488,131.19258068751975
18.826492505683046,1.0549170462423059,3.870474656571391,100.11514945893703
19.391959853294978,1.1158864322540796,7.493122536620839,109.91320533317835
15.026545702107757,1.2236175340515658,19.36412920427521,137.26827532728433
14.410468134819478,0.8197617200964716,10.850425893160553,112.77768957485988
9.904304401121788,1.0432726747793915,19.06770128,126.04319913940881
13.53842549713773,0.9672240119865774,6.540230966565579,97.07260637
15.567463668534275,1.3404600987868995,9.730342902688397,109.55793781272195
15.88979378,0.9164637176747283,9.570262561294806,111.14939540080333
21.02165384225064,1.644389687079911,2.205825978756243,95.82129067569451
16.628593089487744,0.5664482408429974,5.655555166928466,98.58266106
10.376016016186306,0.8068166988597927,8.220909561204065,96.76138738833836
16.215103477001524,0.5985422404058183,16.566012190911827,131.67826578817986
17.554907397382014,0.6244418481586331,8.488803672,109.52410017357035
8.546086518779322,0.8003728536227105,5.360502261697468,86.37309081290009
20.639924573490795,1.237926460935121,15.12401182210986,137.55698884485525
15.158244882590138,0.8051052610356296,9.117586249566186,107.16007316421587
19.902644827438092,1.3322384722179381,6.852478256653614,111.02336989799493
19.556813061707565,0.5941808825587841,6.073752357269377,111.36142682014116
17.737702546001653,0.8905407978570845,14.734000805009295,131.3546361773395
11.38300315958888,1.4846820324746484,7.346578651012875,94.63598050014262
16.013783843012707,1.8060175687810875,9.497223067,110.70971487228758
10.859650379385796,1.0522322264171047,14.005290121405759,115.53010874743275
13.732208211431567,0.361147955,9.995042058536773,109.0977821975576
12.728332244814608,0.8693777185618231,12.04171066,112.60857155228294
14.880237679866042,1.2199736991203727,11.436962056477341,114.85444349551685
15.118318141684176,0.7751677999767795,5.326167185,96.33358230547306
17.072987673770708,0.6590811135469541,12.415969963168559,122.95942807746268
20.074211771712847,0.9890578095643843,6.5754033142882085,105.87720607039151
12.893679483268073,0.6723780849307546,7.246244577515519,97.15383806100877
15.525008485289705,1.1703436182815672,5.428785929800355,97.62726004746504
20.921550326065173,0.5608150273585504,15.710961111050276,138.7761247
17.37578134013078,0.67157863,12.045909742621216,119.27092666177704
14.136353589663043,0.8844170501863708,-0.692164602,76.35782344274514
16.695933891814693,0.896730605,10.337314290693561,116.41722598921505
10.82218384944883,0.482965744,12.339254004387533,109.47806880913815
20.514688638881093,1.1215316808752396,13.535479201925106,133.57808254093865
12.678637062548754,1.1810710845400674,12.827064006526504,114.16009198568625
12.929879396014705,1.2199341760434872,11.549238012378552,107.33885642273476
16.051351540126344,0.9619943755332583,12.569431996146658,116.56544499219119
18.38723048806221,0.8354689599397855,7.067969496,108.67933256308193
19.91461583419728,0.9204357084339762,7.563514194481646,114.11443115478795
18.03997553169756,1.123719528817785,1.7886034997543498,91.37488237892626
23.21946876112408,1.0394243914267722,14.958822014655993,143.2468034610185
14.529725167502052,1.333859391,3.4051914902063043,92.10346195515918
13.210339730484042,1.4849335227805036,11.426734560190525,110.38370912611772
13.95543247,0.8520263013023244,6.880908312506866,99.94185880905297
16.15534655897191,0.7196823544957834,9.502575119,116.21923133500331
19.50537605469609,1.0190413021024172,16.34753719509675,138.24861846324913
20.900136400325223,1.0262603035483688,18.746382807441726,146.88311681317182
19.573186113430676,1.3107312499579689,8.186494580656182,113.85069272048727
17.575580964135124,1.1744316503684498,11.66686383737333,116.62717346074989
20.48940884550643,1.6326723440675261,6.4194025791392475,111.59791988879189
18.418697259826377,1.230061262132826,10.93710526917183,122.51835221347908
9.530957939928566,0.20898585771645858,15.871400203177627,115.34938633476726
13.52803556588205,1.1726999402554705,5.909574912247312,98.10857607470916
16.339758469371272,0.7978044959008728,11.641983435015279,115.78760240028028
13.10528023125199,1.5847772979804384,7.176374566280459,98.17975162765849
10.990301739763407,1.3641238208227737,16.10316223596896,121.6491648800592
20.77699373199224,1.0172982726284863,7.9407823755658065,117.33899639858623
14.748458177539028,0.6736130815226259,12.367999287358122,118.57002821474867
12.470471752973626,1.0387737634829681,19.886611959344698,135.18824942048528
21.242066651206095,0.9784100578082653,18.104851999045938,148.39582750238444
21.211433148900745,1.2977550854393674,16.61189269399707,144.20488285082558
13.038892883990336,1.3572622097600748,7.826048617796795,97.22705958038698
15.693976871439892,0.5265974869707759,3.8908844905147144,95.96544442838487
15.314049262543843,1.0659556184049463,17.821329678081046,133.51210663805236
12.940947516667979,1.0944423264632333,19.29043656027612,130.53789453660147
14.769502331174712,1.2671322414485595,5.431741006303507,97.5127996
14.420836794054438,0.8166189696443777,2.286158227032794,85.98298671328762
14.932661071137998,0.9783822752096252,12.012592750418506,116.0559107
14.014921810335931,0.8527532814633151,14.436296721297772,116.15937421283842
14.473522342538079,1.407434516046527,9.428078481,106.93338126566243
18.85724525200069,1.2123607314628464,14.414234720803302,131.39566772400622
8.627688637401583,1.0963592999276748,10.336716459344606,99.66615515310838
11.465691510437553,1.108271337941246,13.047468567279475,110.94966480183255
16.392145500153408,1.1041340028044306,5.168579478679471,95.64790384561523
20.73731863785365,1.3533707727663966,10.339836920145158,122.70906970583673
23.796201938334203,1.0800770966048827,9.884632398,131.06508315204962
14.098778846860325,0.252287677,6.382650370860179,97.53729621631967
17.88020896919811,1.0980541062004014,-5.674498523,64.41017697449537
12.61679513797372,0.6297619283076303,9.866236346,103.7695698830581
14.605210595379075,0.6842171362083649,8.402407412341551,103.8500204903186
12.67379908,0.9558990329270902,14.67182511115507,121.21901231517681
15.65199444289271,0.7603423055493796,7.223663009623971,102.59176120991393
15.55334074962002,0.9379208964168482,12.968305754849487,116.98957480083943
15.556424582524148,0.6675361248933086,14.154527867744278,127.51346123293649
17.852262057400623,1.4852715789083812,3.9640884784768184,95.30411782
8.738470165201575,0.8385640993375172,4.4125395919934665,81.92799061676752
17.29898848880496,0.4842273911401151,13.089505222411498,123.99833475723705
16.09706778052933,0.9781542164355074,10.695075448350007,114.81177847839946
15.25990270369668,0.8110393888624965,7.550792507800066,105.91434435267145
14.157801702548086,0.9143325479348515,7.680399296,101.26415985735912
16.939235240872076,0.9486695872215185,18.52422141158035,137.05164732563233
10.891026740325877,0.7410433131727382,11.100878587795405,104.11531805815282
19.724199094125787,1.4800367977051878,7.920558495735633,113.7747224131404
15.609146258512437,0.5680402718657233,7.464596357278236,107.0316415446679
21.044492528539774,1.0401819850906104,9.952436706452437,122.32423948062237
16.608837739402926,1.025433273627468,3.5446220696819033,92.60931922779726
19.183858916452866,1.2621426347486722,13.251863252429445,129.8629133606672
14.043552365433284,1.1176943970298383,4.864777528902941,96.56441874239545
16.134124539830044,0.8503819967529404,9.223790875560713,108.88201575732019
19.195197783395287,1.0492560771931136,11.780068269149883,122.8914904190309
14.18489932843361,0.7100218502544849,7.390918187320966,102.47553387030322
14.678794236078154,0.7321772465700019,7.44562057,100.27413212068528
11.414223558476873,1.223185667709057,14.427493238813522,117.9787072956706
17.41430721557095,0.9119805552825492,10.690093147379633,117.53304075722652
13.763136190198855,1.8046810891909713,14.987221878059561,124.8975165
14.104414189790354,0.711700106,10.146720913282577,108.28087684110625
12.008398933197437,1.7043192956825466,10.735860938018336,106.2444341060656
13.702822123068724,0.9669344640274576,6.271535584799299,98.87603597799628
13.799055353937854,1.087906069151617,16.244786495351224,127.89807104470704
14.702194350616125,0.9910822499314093,6.293448888424391,98.12105123617137
14.118253372244592,0.30122233014365013,12.68488976998982,112.55173079841344
12.78551099896589,1.1185161111260564,14.023535656408079,117.91419410822978
14.208446855009567,1.0826406434132565,8.662794086706402,105.83508434522578
12.334946831821254,1.1916523044754204,8.940698564,101.15241953081468
12.915851025286138,1.018356262399784,12.455203817846565,116.0893942979589
17.462092075024486,1.0085704468363363,4.813073523482537,99.14448772835512
19.25456691858924,0.7518845988450376,8.828470854891597,116.14025923779181
14.693489408788972,1.6641962217073931,3.7556249247689752,92.61469607
13.491651962287428,0.5971790510074774,14.800243698800948,119.61117865106193
18.381167697419276,1.0578584995379126,14.201328690613476,133.36246718843338
16.28386636,1.0844674218004073,6.218351675,101.94270474425059
18.837509055881785,0.8550480231398849,15.146676180535977,132.55510097496537
17.037449370878832,0.9775598649509816,16.23828901421924,131.72867581355072
16.956059301996284,1.2634882209199065,7.806043500360593,104.4916778232851
20.373194983310732,1.2229180899471361,9.952878167240776,122.41374512732784
16.65932468650441,1.266861829907145,5.396922066774501,98.83213717990603
15.017009573523385,0.8909107528024602,14.779155887693436,126.28048672439783
14.267759137405944,1.0873794546632447,5.510123111250914,96.68548515
18.643071392081445,0.9814118588634657,8.697132466,110.78207339994958
15.220531087574521,0.7253535725999921,9.505282380524058,105.70936503794877
16.17879349458687,1.185184462320108,13.421256418360269,123.21670351026683
10.897373382336436,0.21101816822901037,3.728322242283111,80.42923312345951
18.79646770254242,1.4535632835530239,19.16878838392808,147.54400037806366
19.832652474752653,0.8170091706621686,9.694850346,116.11054048509043
14.563220626228777,1.0882448928502222,14.735049074273253,124.13376109219162
16.999180637003477,1.690946545743657,6.69134705,100.02331883538932
15.09189472059533,1.004763016262735,15.660780196264453,124.84984262783617
16.140105796213064,0.9617080094475774,9.309360615056946,112.94585745909993
17.494105790307536,1.3100832821108352,10.611334437375845,115.24348093048404
12.673016956009864,0.9974768272216645,10.9876068,108.20571863639125
9.106641329437267,0.8323900341844003,6.392606544598257,86.03005436763075
14.870341435379162,0.8370609547470612,3.6827879508097694,93.12386492944057
18.508022590864616,0.30387890401660245,10.344071995366487,119.01515804913974
17.442630157134044,0.775210696,-3.789259518,73.51163629739344
12.106102010806904,1.136355877963914,9.032574649552329,104.18617388580589
18.622089771383063,0.8876395893027081,10.136601005459736,119.31665098666781
18.509917171014045,0.7703626516063601,9.075039967475462,116.66665821136552
12.124836979021245,1.0503285959622597,5.906918351790305,88.58718119
15.000767616526895,0.9822122468380106,-0.137340665,79.58388881054485
19.696022360865538,1.0442705404830197,7.801204181321657,115.24714195567186
17.238970226639573,0.8908070013230661,5.133037068668739,103.25400886812011
16.283831519227256,0.8802124921636312,1.055037315839934,83.32253896220423
13.862349110834359,1.2921015629331676,11.724102988232088,115.42496813715425
13.576225365731007,0.7412742563823396,9.055043602,110.87271426351765
14.927007368097986,0.8777025789122798,12.382453316797491,117.91767234793149
15.247451913719761,0.8277541257671251,11.265071360552234,116.24116613639683
16.671078238549406,1.3959260988200626,-4.299122684,70.34115572804272
12.531718688428192,1.5209535069816724,10.279551685990914,106.9338913201621
19.323930335953914,1.1745882718586613,20.178868574748172,150.6468969702027
18.05782606676815,1.037480199,13.992601971108456,126.77582823654942
17.809223717698515,0.7716898605763813,2.0737619344229694,95.83613910298985
17.135469684181388,1.3310029090373343,9.204533833467137,111.88568390801935
15.405221970326478,0.6374231899493394,9.715832573609273,106.36654055271752
18.186943206321235,1.0549709490110095,3.006375157949346,95.60331870930358
16.01767437031687,1.1627876114912379,14.087736201306772,126.66132075556457
15.643910100948382,1.3628014971477251,10.346668754653061,111.58734759448181
12.880866660436794,1.7430668607023867,18.083325820240816,127.94795572663602
14.76970320661567,1.7374531644562907,19.098867357143074,134.5991293862224
19.175988700127082,0.6102738452903373,12.26736786878134,124.68295491170976
9.922641422118124,0.5207056135527233,7.667480222471706,92.51827880238551
15.98204451687622,1.084099603154319,16.43211892022721,131.80670296138535
15.08807770682623,0.8189015770302839,16.56604805434296,134.35796434669737
11.700156605528962,0.7340688778074038,14.237121987727297,117.10866623112304
21.823065213876927,1.533160056826684,12.158574567905143,128.76738150275784
15.617496716850422,0.6868238373832908,7.413225820824793,102.45029038106111
13.621921750407614,1.5064360719006489,8.328999671928647,104.40470197695382
20.435524566836733,1.4432953373590187,10.75114508234679,123.34587092362918
12.345580293872878,0.7569813372397338,9.336295965349967,99.77260270071173
6.4279771387229285,0.6106627700917351,11.428291198864613,95.93581326060063
23.57688156414845,0.9634333046865415,18.28414804957679,152.28447424394741
14.20913573,0.9207461159952042,11.162599700939278,107.8948522820884
16.072722426478617,1.2156053628044092,14.822745477548372,129.48405638306178
14.58640436627764,0.7978224330407335,7.641304643494688,101.7209461828345
18.70673619231431,1.152804955700872,14.384580125753294,130.99792255993458
17.084286744457852,2.0112422138466326,6.059845674779383,107.23667193076325
16.673718154873804,0.8149884854482047,3.8875296787666924,97.44769089364358
22.229127068078146,0.7060137437058431,6.052196579424349,112.46297769728257
16.044822720460616,1.2678005485260742,8.17986142,106.88531125077323
14.931543523700064,0.9342506632045671,-3.762956895,68.06904090271608
14.003892450349353,0.9943104655845981,2.6334313905334406,82.53777566050749
14.984571649824753,0.6970573451323377,12.301032013094154,116.18142331650488
20.032852941798865,0.6286764017796775,11.29236603673279,122.37764575631697
18.762205719907875,0.893111083,6.434358632,107.14386207347059
15.949034716935572,0.8503346317168305,12.193874266067152,114.47065728975385
20.378802365878155,0.9438633303933864,7.067104027228969,112.65703030084539
15.905414233718139,0.7815299234832676,9.807639917148459,115.51641742296724
18.828337975691312,1.3589130318091043,5.701493605454296,104.34184469049951
17.35889993421742,1.2966384483881033,3.6024832310934505,95.88483083677869
14.968139595564454,1.0978867525429337,16.968492125300994,131.60109785964542
15.796236452114664,0.805701734,12.604096478543248,119.62476431942336
13.072563151158782,1.0140813584426058,18.21921051658121,130.53622307489013
17.463041643798523,1.446916873173657,2.4113431255634445,94.48112165
9.157279734841175,0.7912117816126025,8.027840068,89.00597846979525
17.791445894218946,1.255876968366825,9.591441322,115.5760312
13.371841083646904,0.8622993464373107,7.695824021666569,101.13712983620556
14.40917449290156,0.7891288280915684,8.212435591934566,101.3983317781773
11.262557863018191,1.0317794382394272,6.362223996487491,89.35690886575337
18.120217049157993,1.2546091248294002,7.120087187596324,108.91588613454694
14.64347177213397,1.3196330135551326,10.34921905969856,109.95869036221752
13.894707503637637,0.6712259890660315,1.415409053410368,85.03353976981037
11.111732609371636,0.6957516494354643,11.652164900186246,108.63001327541087
18.291407505920958,0.7529950546060553,14.969710113928471,129.8907698701275
16.963556676614914,1.269883408288921,8.990766292168784,109.9705274316635
13.671243168331388,1.0413770951161239,13.694033460024503,118.61238241289334
18.20246310652043,1.1585767805949678,19.359462526424533,146.78603857095055
10.783528608217546,1.2085170549573574,10.954038851479499,109.34448166734927