age,income,education_years,treatment,outcome
55.960569836134795,70990.33154879003,10.649643450051236,1,152339.85367636732
48.340828385945784,63869.505243691536,11.710962658568965,1,152799.12515515878
57.77226245720831,50894.45554880261,10.415160158000077,0,121284.34085371306
68.27635828,40295.94833441639,11.38407694072192,1,102945.31500171614
47.19015950331997,60473.34970420385,8.212770666092428,0,128573.30885145548
47.19035651660983,55902.28078132625,12.426587414745876,0,120951.9103189246
68.95055379,63427.89830041598,12.002410950724448,0,137565.64331620903
59.20921674983491,59527.57702522954,10.365822737863619,0,125282.46026669812
44.366307368780575,65743.29072979002,13.31849133686481,1,141945.0215
56.51072052303157,41971.47182659148,13.875140275253116,0,107429.88962433682
44.43898768625046,69760.91098451489,8.784880271262052,0,130158.50790515244
44.411242957156915,52963.99407,10.47455044286757,1,111423.43972212033
52.90354725879241,81128.91308937898,10.461715300425404,0,146205.19148500063
27.040637064106427,39662.18272865648,10.120193797782271,1,82666.85240534585
29.300986009843605,76039.45704747875,13.658949683863497,0,139940.45623435336
43.252549649108325,52968.66175193972,11.612347722454393,1,124147.84786577152
37.84602655598692,40228.72994578328,11.470970317378779,1,93563.09406
53.77096799114329,42741.71248918518,7.992275271186493,0,105306.63384594671
39.10371109374547,45194.79038,13.270836060418453,0,107275.71577763368
33.05235558,56362.48919602875,9.521483210293056,0,99338.02820755212
67.58778522705865,57842.53232,12.119865260532656,1,140571.5873676071
47.29068439416157,41394.49994092131,12.554753875916385,0,109848.09290233969
50.81033845625509,49634.68111608526,14.721317191677302,0,106856.26288589492
32.90302176543852,82134.05537917795,9.382359201761776,0,161720.81096429442
43.467407305697805,75913.14755151067,5.960975688358349,0,137785.82573738706
51.33107107651839,56544.85504511048,12.36769908950739,0,125861.34608613423
36.188077070932366,50570.05217252301,15.601022363021707,1,109239.32811289643
54.508376220148065,51800.46990077392,14.477892705878874,0,102423.78946471619
42.79233572097434,59202.769590956246,12.419318830549251,0,123814.15167900009
46.49967500248068,34658.111522023915,11.016727628735905,1,93741.55669939553
42.77952065324724,46139.35193864982,13.61424519327462,1,110263.40426309039
72.22733821410725,24971.23889183615,10.052907600591062,0,66503.56108823577
49.83803330314479,55988.34683907919,12.952715538712438,0,120411.95017149157
37.30746885,59707.939095541115,13.010940318333253,0,130861.91681533164
59.870538945238266,42752.20306550939,14.12041981499776,1,111780.37495382223
35.34987620034774,73609.80144935049,17.519320077822155,0,155061.5139878922
52.50636314005706,31613.515054964886,12.784831934357534,1,86379.90698
26.483958513442694,28034.3768,10.982072748585002,1,93723.41086804206
34.06176741321883,53366.77727839958,11.94885137561601,1,110346.54903965039
52.36233483042948,65706.47453918232,8.461848190221763,0,139751.51319442687
58.86159895994493,75258.91537186803,10.610573737821884,0,164147.0975692153
52.05641937427965,43116.73606,11.181435123773792,0,108474.08304285354
48.612220611341115,66180.21250146943,10.951823204130815,0,135488.73277738784
46.386755652928535,49422.372957489395,12.304709744067445,1,113113.31206161102
32.25773611559087,47410.59050088771,10.355160135235598,1,121670.58281436835
41.3618695,63254.89906230009,14.242061334648943,1,126098.94110037187
44.47233474848255,59784.84317620129,12.000414129836395,1,123647.28650261431
62.68546671462699,26354.11764523626,11.981399357722747,0,76939.81817785397
54.12341947482154,72148.10524588844,11.344210566974164,0,160061.41893215003
28.843518135647194,70701.37031221177,12.310381367717959,0,146486.64091679166
53.88900763273754,40616.559477357056,13.650196529335268,1,97977.92930517903
45.37901264,55937.05300156114,10.26573957,1,122875.09391232149
41.876936,57410.45279424108,10.683767021849487,1,121937.75517169743
57.34011546609042,53910.10648735861,11.39254794244667,0,113760.8350710628
62.371994269951415,41745.42269,9.308258153,0,111071.08691759213
61.175361429394385,39925.64948092923,10.361484280557004,1,90708.83142372496
39.929389721328334,49616.688935128324,11.047558252910683,0,127549.80867114614
46.28945148978543,67590.93528889047,13.748778361425455,1,155360.89592007519
53.97516117684277,58154.002318916486,12.52512265800385,1,143761.017
61.70654152546831,44440.78501870841,12.387179822735089,1,108674.94345936536
44.24990914585652,61575.48065972517,13.701795924335944,0,131203.09609501107
47.772092280034194,7271.860690548868,11.725256423201207,0,35467.34315578252
36.72398031192766,67231.48550558156,12.78092969985778,0,133890.13093435124
35.64552051103195,23904.293318328506,11.793556494135007,0,77933.37302471406
59.750309868730376,44563.38587895302,12.530724698799258,0,121298.9806153523
66.27488034284987,33204.95158060784,10.834482684776836,1,84511.57393909157
49.13587854103599,30579.777864186417,7.122365683447142,1,81707.35489
62.04239477470429,67412.40181,11.731441675627392,0,140643.4114055245
54.33963230057161,42984.48198032163,14.845496272199881,0,93515.27206584321
42.25856294473851,55197.55822596074,13.852430804483184,0,128901.04500271907
54.336747266100964,49296.19131681224,13.930794969182342,0,108785.69071688976
68.45643879759163,57155.612408346824,14.472261443612435,1,133520.24236400117
49.57008753068058,51152.32836590383,12.177315181922875,0,111821.82714126194
68.77572386976807,30755.116637171457,12.394631414811192,0,80950.27989383685
18.56305875092307,64944.002291707104,10.76469621,0,130894.70860452489
59.86283005250269,42593.65125258031,11.367854287945901,1,107081.65988901154
51.044564818858056,26651.271520103735,13.231542299542284,1,82146.55547973994
46.41191179440958,43578.27258551131,14.407768874337632,0,99452.3483
51.101129318426025,72511.39685951466,11.721107448638001,1,156348.61884350347
26.149173024789285,62753.32613170239,11.099621470297176,1,150688.1593
47.36393734594986,44770.21798388211,12.001055917713195,1,112659.84582382011
54.28535085814096,44761.13443522357,13.202413497858231,0,118448.09992852602
67.73472853689819,45175.47423173926,9.112290367732916,1,98133.49174434191
43.78075738071623,81151.21975341262,7.407638093725524,1,162279.19572388957
40.29807676528175,55729.03178,10.898926301016832,1,114563.50230130838
43.97891547698556,56450.624707866045,9.558575148171682,1,111062.10025619957
60.98482541242489,65454.25181047763,10.983719604705378,1,135919.1070576952
53.94501331591621,53581.83739,11.704439362365058,0,132087.94078198477
43.64287755479553,46114.36781268945,11.093503181953974,1,121311.64482090394
56.159209197360276,47054.75226372533,14.90493506894149,1,121340.99206467753
51.16493059217648,48925.98110878904,12.65348952920464,1,103390.19518231536
61.623739886394674,49441.66645235238,12.600948719221657,0,114044.20286683008
41.575362873471775,60914.44315,13.244414288086803,1,138869.38353995697
46.06805424082678,50779.18828710949,9.722333764438462,1,119556.68662701269
45.29470216241411,60989.60115823369,14.078223574840537,0,113918.89480174572
32.43782062241458,48789.251298371266,11.84847142692908,1,105994.84298764945
53.55344332477491,51179.52785474136,13.340961234482425,1,122502.49187382353
53.13266326615867,20026.989732018385,9.856285533919689,1,78229.57871704297
50.06136147970953,63744.91512053722,8.892482467967872,0,110057.78115973066
47.18495439949823,55197.32713846989,13.635779316050057,0,121888.27342888103
33.015551095395026,64970.15164789478,12.752819052195033,1,141590.86688713598
44.95225612681569,6556.169327094661,10.19589689128498,0,55269.109186111455
45.887425801678766,81325.62057171091,10.26067383745061,1,171060.79440764314
40.372672769340575,47906.15557767239,14.25086956882954,0,117991.71703882726
48.06457146000789,66622.74225106275,9.621176214265343,1,133765.5702428413
54.84861028177446,34401.411093117036,15.285345906511926,0,76034.73271722057
72.63423081452636,59191.608575938546,10.198758530704263,1,130950.77844617702
52.09493375398207,34198.76655239516,13.276783851216766,0,102405.49199499242
53.09060468867317,40643.465589562926,11.34276304850203,0,114206.0974113917
49.106649010805995,78710.47031,13.206374862164687,0,165743.56869876615
26.97474542,47139.76399,10.911771995771614,0,109961.0380190754
49.68183349,53261.49309769584,11.674414187855412,1,127815.32534245023
50.72276251929232,63051.01596033131,12.081838350791442,1,133705.58920157445
79.55890534982343,57435.22831958907,9.995625088437055,0,126781.70043475796
47.69166842262653,52256.28357715364,13.48164869084025,1,140710.51957822804
53.61856810800335,55474.41503699338,10.97357286705683,0,112802.40058082863
49.58345876353708,86051.23377857413,11.542800169319962,1,189204.95755881022
35.97586354856561,49135.71804449622,10.011301250782976,1,110890.97630489156
63.71387377418024,53016.485700724515,6.875332682409379,1,134211.46339057398
59.02319639224129,65759.81594011417,11.617944474799662,0,125042.99774883174
59.49238336451656,66582.88899436976,16.82523084322583,1,156482.46385110446
39.087350542463135,67805.45458,13.569208575796047,0,133772.79167279787
66.83353173,59580.95333043777,11.961479240531212,1,122205.26707663099
33.17778724649263,32854.92630904275,11.474218341583464,0,87918.61631623092
57.04228512560324,74501.47298451644,12.044931785624092,1,167448.20191719892
76.28546750971974,32804.81910471968,13.09423823035042,1,90294.87262795295
38.11356409843174,54539.531978585495,9.638374369,1,107174.5473474413
43.204427244766734,38685.86224970963,14.228643389337744,0,97819.65320726763
51.19581638105169,49037.92480110511,13.430762630882487,1,118792.6690019261
43.95829215060561,54931.43615455221,13.43637145141587,0,127910.46578138001
31.392038827206406,54820.35823175409,12.876951477619455,1,134312.24036297644
50.82275569767233,56328.81131352927,12.03923331538798,0,123561.7118276078
37.252355435286745,74205.66904,13.34572247193364,0,168797.11248898882
55.68310916762218,56803.014522709695,13.183628267482757,1,133982.9638720435
38.96690918919436,46337.65047064027,11.291918578117953,0,103179.16560238852
68.59921286021049,64461.30752432536,10.852796454206198,0,121718.96607869754
40.600960491965154,67842.05733386961,12.203712590523974,0,137430.34746196147
46.13526180553189,31585.88277294511,15.098040302990375,0,86033.28427912646
59.76220660843604,58961.00104774787,9.521785848692199,1,141530.66637439412
35.22962820279254,60517.591134663475,9.064949468,1,134750.61664157777
52.72951921524955,45536.54744960012,12.329521682473034,0,96750.07952283447
65.68571305138914,70635.6022,12.101775403712036,0,149630.5795250422
30.71020118526527,47749.166194512094,12.346683328740816,0,115292.27451558928
52.21560630238765,51883.64680207314,12.487906395817001,0,133426.03113816318
53.11859353098108,47403.922635741954,11.55359549073039,1,124502.3081481311
59.38187446132772,50233.685713722014,14.979726877204165,1,131846.00316010113
35.15659146946302,33555.87369657197,8.798192043046969,0,85006.35125447603
34.154520642988686,28399.236761085584,10.343005950439508,0,81948.15924275068
56.263298787402775,73917.57594837458,11.793490479701905,0,163604.39822743577
53.56381607879823,37295.57977522508,8.713622377691665,1,84363.79047755252
53.00591420415052,35129.114758155396,11.648291191135858,1,93798.45718682196
54.15737851396371,17699.148295944276,15.322940331456035,0,62269.58206490459
41.83970334105811,40415.57378465746,12.041772976591924,0,102732.62034199807
52.78704436593204,30153.65309888752,12.461401811437367,1,102912.15987116632
53.516869679584175,74630.22740204554,9.47967047,1,148482.79915745003
41.427782983683585,65147.25634013951,10.767277183921045,0,110799.28546698845
72.38929413373708,39677.74482233414,11.249607239352127,0,97502.41114
55.68599505094145,83786.53708016463,11.364569806487532,0,174532.01200454976
35.70435803356822,64726.48230487391,14.563287590007537,1,147384.96378185245
57.878643303605955,45127.529247370665,13.11538212145025,0,113770.3349661529
38.30381995727214,12508.91427689641,9.777084086125935,0,51486.09547631657
59.44501524490943,84364.13858886113,12.49300955686401,1,160165.66236469423
63.903146948088846,29156.41299854606,12.996443496993571,0,91469.47825327066
40.151812179779476,25319.01879564662,14.280298077042533,1,74938.77999713313
61.56051355093186,65338.55648,15.161081373136748,0,164243.96045979796
54.95337112323798,86596.28609508909,9.969811616344263,0,173812.31851100875
59.86472191993388,70764.09227765778,10.378284977579323,1,144697.64865651654
72.76151579184737,58458.636800785396,9.484844282170767,0,121973.1743782397
47.05534260796556,58921.315124979286,11.531960281786038,1,131042.79229431391
40.95516602771013,62801.23338170462,12.932716748892668,1,135882.8225053886
39.32582684449372,61383.92884680148,13.974669033178204,0,143117.77408535403
40.21027658041474,54217.87135954064,11.848097952714955,1,126070.60817652858
49.07477948703075,51563.01655927814,11.360304953490312,0,108749.72932637687
54.09382369779972,49061.103081507164,12.30351598449748,1,137913.65101298603
53.320289591960226,38690.531166999855,10.329714196739953,0,96856.63770123599
59.92619898843228,45789.87384699839,16.179077443389545,1,126541.21482184094
50.156022702534884,24605.647787069218,8.784677945763882,0,67134.28795730034
67.44240893,48524.90559807875,12.36948115779145,0,118904.35717123799
46.82411800114453,35171.133392736236,16.04721243845928,1,103938.63013916728
82.64202999907542,33446.160241763435,12.013599689119996,1,80682.65163066493
57.50800817318007,52698.41226730218,11.61992192999701,0,139446.4926615337
39.71410932300461,70880.0343,11.285109154379146,0,156468.7216048088
37.14929002326665,63774.74909,11.639216636475185,1,133901.78061355735
55.78966898291822,26442.49094565234,14.74569694935306,1,76755.18631071075
47.31844657608979,35155.57795144494,7.576276177340986,0,90883.02622895739
58.568005929105105,64111.56781982324,15.066867402592651,0,140886.39701583725
55.67885149488254,35262.68909692536,9.152085695,0,93954.63655035243
49.12605304811753,46630.50275004463,11.466695341531171,1,115697.13138575664
39.83847538317914,58250.78148536828,11.141511159402675,0,129555.86458799124
31.821833303769623,35474.83317704547,13.17710653954144,0,105635.68829459316
44.641820575195744,51580.63259,8.803751296232505,1,123552.00532208243
60.27678553188167,29989.617576226934,12.924345332163886,0,76453.73453718712
52.56912492956245,40979.48534073179,16.048619246573704,0,119028.84452423027
35.051134655456146,54796.72901213806,9.273651990814379,0,133132.56134222276
52.078171110214186,26105.09399702496,12.379412335220792,0,110869.34634241121
54.62380855674604,56607.121069405985,10.676035644406781,0,112545.34819963167
39.393710765586405,49705.433016099785,12.85177441238607,1,120747.80068287646
51.84470127134634,58287.34931625722,12.038295554831505,0,106425.0376880294
50.69850462,53358.712010969924,10.71702618191138,1,128891.36145536116
36.284356426032524,70462.10644960766,12.975744569742147,1,143629.5547263908
54.29344832,51878.36753971861,15.608696219573487,1,145804.72272602783
56.72941431641881,43558.91688312121,11.618192416545403,0,97719.83019
62.996614918103326,51834.46254548426,13.439515884296364,0,103748.87156056566
62.645624624418836,58149.47043554582,9.413454084257673,0,121321.86602421403
33.46796758451491,50732.901054885566,10.087127246363982,0,91451.79625419818
38.74609952101853,50608.87536805824,12.944812555760755,0,122181.03508107399
56.18042320650392,39470.12468289867,14.96823205707193,1,86949.65209983232
56.16543141,40056.48623673577,12.71122669757132,0,101505.34657614853
56.18057223567257,28960.920923004596,11.373883938953691,0,62464.232960249494
96.23277788785666,76243.65114780409,11.998582810846708,0,157595.9981703649
56.85068613,31342.051469130725,9.499184532060564,1,106473.64621304968
63.62678768216719,39606.42203306139,13.209030652710734,0,105769.16076898585
61.448021161918426,39223.89101646204,13.76466612464682,1,98182.76977
57.81669501566957,63423.86565416662,11.09581933433384,0,134592.08717854338
46.216769064315855,45575.75482561958,11.059915704480996,1,111536.23202300222
59.10763064591921,68716.13109,12.531756459304097,1,154198.40114978506
40.72609742554914,39897.640636341974,11.126560527918809,0,83413.35246345587
47.15817671911989,54184.91243335703,11.867734770748354,0,126144.5026671252
44.175637426050756,37469.79420110364,16.19944357833303,0,71986.56417786835
50.98248967263587,82177.23691660083,11.505948598508006,0,156120.33190066653
77.77590280008211,32186.02371455731,11.283319695957555,1,91346.00226
27.59281768889902,54647.31065340541,10.704916388729682,1,128148.07328288505
58.23512228449416,59506.65321398148,13.488383942999874,1,136709.94063341492
30.647409545724177,56206.986461772474,11.637551653563794,1,111489.51223951828
44.33681761,47220.68511683438,10.701253923357148,0,98332.87298201758
63.067407163608394,48052.689503998605,14.642608064546025,0,118168.55349055926
50.77136022914555,50657.17207968664,14.839206009027274,1,122649.9947442835
37.06706266484833,47794.96997557267,10.79915286852259,0,102260.42613525139
41.416355488880384,64458.18675192365,8.266920097278767,1,131358.3156533765
58.15517298721611,83157.84502387026,14.015027379673844,0,174436.75083515453
41.23560041939436,41637.623224882496,10.630740348479993,0,94095.58952002075
52.59750307,29452.95530631383,13.581251198325537,1,89769.39718
50.54686207884576,48675.76927473118,8.059792364576328,0,130354.8414693054
42.18079583,88695.64006481477,13.785194676598618,1,163918.94777929108
75.72732907190391,37944.88148045404,9.577656141438437,1,84335.65040715851
57.60702826781613,74586.75208,13.461528238133049,1,166818.60724878302
25.698288960108712,75165.51221,12.028546135672869,1,146845.12718346805
52.23745177723313,41696.176374380084,10.09212116120671,1,102289.6282119356
42.058562422779346,58534.74618777913,11.18592737414644,1,122485.26723792091
60.22920001755469,74425.94934692807,13.372636913913402,0,151447.9395292636
40.48975113880759,44313.08388518769,12.211788906230469,0,120740.25852579657
48.62316270239721,46946.29459846457,13.168825960944968,1,123903.0268501826
56.05984734776548,41274.786290770346,15.95288116903097,0,114896.27282622107
60.389062330041455,34778.64904,8.871516776577897,0,75935.57912756815
35.596443115330686,40260.83682400989,15.234425149937248,0,89453.60948772299
45.985985169908616,31640.895998566153,12.208711875046426,1,63177.167053527686
44.30065626606853,50511.25202388839,10.202431903353745,1,109520.60016826905
42.160049209115456,38450.40153412038,9.339372749,0,102906.01429492648
71.18545088337316,53506.788676861215,11.621759218445932,1,132729.22502372746
54.85978053153146,26661.56530694559,13.84330022384892,1,84849.48263447579
34.86939254797946,54963.20348321686,11.744901759244932,1,124197.11302908661
61.014343364657314,62502.93442413387,15.022309860494694,1,136040.00757564002
75.46587436,20093.96536142817,9.097648619896882,1,77606.06664067972
62.389583126613765,55610.848547713584,11.975822104307891,0,132409.31518967648
31.767560408551837,68415.03488709938,9.495213111173761,1,125724.03162900088
44.189191125604985,31855.38471963192,12.727263765249935,0,90135.19639191205
65.20293379023947,75088.58580256555,13.77377478,1,170511.4422621255
41.50796641257463,56285.285140490676,11.158476412637894,1,122661.5961956264
55.32583313775474,39424.82216362387,6.7915722867457315,0,101234.68662405058
59.29560864115204,49163.46383513441,12.39789629359299,0,143183.97778719294
38.87683434,58374.903687825834,12.87347710346702,1,130223.92985649631
49.28569573,51140.080871186176,12.808589509923396,0,120844.63567584465
11.104791919171129,58081.33988669554,14.471564383644308,1,120878.72216494936
37.707348303988525,36189.89610380951,9.857892640701902,0,91611.35066803495
46.96918218328208,52540.41236054117,13.36043221,0,123819.1443
35.02660182,28794.282546425296,14.38501502495595,1,89778.85251975854
69.58893564717962,48331.60907976949,8.442824831986966,1,106181.62560162957
32.83830346447241,36441.38537802816,12.639303651837954,1,99290.74495180557
44.71946616,38967.050861153504,10.991640337984657,0,110772.09594083672
51.56888693,68541.39762815656,11.836954653796708,1,151870.74178029178
67.29527946879338,66369.65180891403,12.695352967076673,1,156963.99449148512
32.769654185846726,59137.071813607654,11.025542871772895,1,127276.47901993511
63.957965025859515,33615.308529911315,10.648583841676777,1,103164.24378465979
50.122796732235045,45253.87325457797,12.068304834976049,1,115260.21260884353
38.22189618742459,68196.46549968775,9.825508122274396,0,128344.38350304739
55.54524169115925,52125.753704598574,9.828349742,0,119533.97660079012
52.38871634688164,84789.94309972541,13.358746565913007,1,163485.00203313027
42.79739747409447,55899.76759091558,9.702411929682688,0,113642.87018832231
50.83762501988023,52880.73674735047,13.332625001818425,1,127172.6569487499
45.37623683765888,45363.25303696248,12.925182585707903,0,110748.94040060171
51.362208143014975,52003.113571734226,8.548386542418807,1,107365.0634707011
57.94556809425256,47712.952454291844,10.64487069532869,1,126445.99230273311
69.03220179374422,60621.630150328856,14.388218806094745,0,141395.5570836544
35.14621401407781,64350.53475191876,10.037668937720637,0,124788.11881160163
75.5964005,38210.158092380756,11.071191475381225,0,84350.04072384188
26.57494640572998,30031.50569663333,12.924121786503793,1,85508.57650149896
48.17857886,22456.919403450553,13.566781018565191,1,75019.50981406537
57.05980647781492,57619.86990368815,11.496922227911009,0,127617.1026256457
53.37190241282039,33449.50091,10.804979610616718,1,90353.84972207197
42.527605762152874,17706.64110571276,14.844739723397016,0,47709.27363883899
47.502533,55828.67906796446,15.477799327595157,0,122462.72849588718
44.083988784094004,87394.99276149186,13.95771610156359,1,173606.61245073233
42.927622916669456,49908.93633,12.170636285130048,0,119809.79446072347
60.19522516,62577.36161677463,10.383468556718148,0,126296.79801040742
54.284185831580565,51227.440378213476,10.33911118688687,0,132109.64636266982
41.68508485687215,48516.65520213286,13.045028210531514,0,92956.36823574407
60.79519850519901,63786.14724481653,12.836796441777368,0,150746.97206280826
53.68759425051931,45645.88183717023,14.80319718589286,0,109081.96937044505
59.75434542606752,54010.88471107854,13.300900185072278,1,136876.2277890358
57.555546103083344,54825.467092940205,8.993839396480364,0,120663.38679194052
40.05205986893513,39978.64319535427,14.103895235445837,1,116475.2243690722
43.27782751763636,64880.635243047844,10.003878745371175,0,129942.88609206027
58.967523261479144,47375.60364956887,11.232057456095298,0,100154.38716789235
57.32444318520158,38663.822607607326,12.500400412503389,1,118299.84367440525
49.74918087243022,58047.64765355605,15.99133497956793,1,134390.37713194513
51.407928599705386,36522.98027313444,18.219837112010723,0,102931.08154791029
65.33197875,50422.717360536924,13.213446118272365,1,135994.83811194487
42.90114333397004,49863.21505033695,11.633606762559225,1,107544.0484172158
56.565168574040456,66288.43348747367,13.0690113,1,151941.34579067025
47.573688170793275,57120.47349319929,13.775310851747673,1,125693.12675253669
47.38782556127335,49624.595618822845,11.358664748885616,0,111582.03845486716
63.185322223846285,62266.494488004304,15.590422711824644,0,139190.75243125093
59.904996187856355,70853.11324,12.460141518382803,1,137723.34218498142
59.762115632007664,58367.154595277934,12.995486178182789,0,121722.1649876965
65.66574568585195,50155.28929765071,13.331848504108923,1,136925.37322759416
50.25204609959311,30322.456514747606,12.843173221228911,0,94726.57679413725
58.18343565553957,34023.29505386941,13.677881000939225,0,92813.94315680192
46.27679892087853,45421.629434679984,10.765493626906153,1,113270.69220218684
53.88999623,40857.31696761075,10.88339649210794,0,97310.44632
48.438283347587785,47195.43045521831,9.799691534,1,126424.41357730205
51.16395157991262,50849.74887345661,12.879002461240454,1,119824.6927304706
57.14188430524296,57945.391315350964,13.557873007024227,1,136365.6635471856
40.18135180119833,48942.518329113635,12.915545732303771,1,128816.82743757463
75.10864730822553,57297.52465739303,15.348984866695075,1,129787.8541005594
37.92779142200358,50967.11622,11.988807962341907,1,134716.54285383908
35.42973664654721,20368.00150469193,13.337483311185025,1,58899.331967771235
63.89733048200081,35909.96909271868,9.816598247721371,0,109562.5727702275
59.49995232755523,47838.686664175766,11.225800595051197,0,108182.06760092839
57.489437804625865,31854.578857383385,13.391075515131554,0,87369.37199364768
57.54014611117136,58998.93094994307,13.698204221486288,0,111927.52085124716
49.853038725837024,72961.26248515546,11.412066104671636,1,148783.96846750344
39.232947542170024,68281.42777545976,11.856801496283866,1,134765.81998053016
50.909654698324715,46798.35693604688,8.964252506638381,1,105721.77266172269
41.87405946185466,72360.89205274927,11.285941598386781,0,144735.2789389001
61.70143680101302,52230.01185803168,13.780766327039572,1,135958.9157789681
48.23531142197434,44943.710433229404,13.150410032213133,0,109877.30590935964
40.09403363848986,40798.960046885906,13.00133144276242,1,108290.6430928759
46.14336990016408,45462.95470267808,12.09954737436192,1,101260.29102494802
54.95517745130749,44177.34772188157,12.014126317256354,0,97715.88362174752
43.23530537,52556.243335632316,10.679357721053107,0,133986.26871296755
40.13335525320282,52408.60971574797,13.39765684040507,0,110678.56435437498
52.924246537902945,50045.69030230122,12.84194588877878,1,137411.2008
52.93959885330467,56554.072546195246,12.984037695985599,1,128325.4743544655
43.916681895546446,67859.69412179512,10.94793031466484,1,144347.85314312455
44.347540332580124,64243.312031619855,7.693314160257511,0,141414.0648598736
52.784599248291634,27726.53047325145,14.19430542350739,0,96420.71524001488
32.62298790203211,11691.182976470678,11.042325087983192,1,57364.42213520315
33.11043470748134,64014.79866858911,10.27444847191376,1,132380.78114570424
41.37866934497077,29496.819523768685,13.386957823827988,0,83279.78303
47.438634179457836,46628.518971609745,11.215974720161741,0,111654.12358681622
53.73089078717606,32448.304609109608,14.119872768093243,1,104765.00016853161
67.70427460339462,22970.293436299704,13.234011899153394,0,77887.39183405366
60.29191547842423,58121.94092307182,13.367138646400955,0,135782.70033300386
48.080737640438876,61387.327404539705,9.268088577598931,0,144944.78765318374
49.771805505167734,41352.34398909921,14.423887970772801,1,112731.27090284461
37.969647624346294,11134.365617826352,12.522501062467713,1,63036.025192906964
49.77784236809132,41806.33327621276,11.261445721507593,1,91248.51374013975
46.536096332958344,55877.060081038195,12.286776934684502,1,101775.48013789492
53.872622724057074,27816.326468388073,8.447529534,1,87136.66993769573
40.07322867737212,52750.39879668733,12.817305622961342,0,117005.64580678943
56.23215817089407,49770.35226240507,9.941256983635856,1,112883.78235373014
68.39286695603093,58689.37249401632,9.294659428312931,0,130022.9502546055
48.69487821851771,51793.705526212296,8.955281627564219,1,118346.03435769124
54.820540665187295,35403.96588677667,14.225376749979851,0,106832.20918626193
58.28172790053335,67948.57252496737,10.741473212614423,0,142267.69986773527
45.185354337369965,47622.05640459545,15.06745542,0,105809.1103
52.68910978,49590.43190735102,10.928397073895404,0,123119.07379177358
50.15110880938154,36000.98061390206,8.585284084814106,0,87938.11058
51.17211318258598,43350.766232127346,9.766951120102682,0,107734.28428240467
40.72388259,36727.95928959649,14.471623240013876,1,95898.03750154075
50.29412209110731,47405.809101148654,11.688203644126665,0,103842.76675454139
55.97597949494539,75675.62720213516,10.903425407018798,1,158654.9454363203
67.41372329,29421.482856029656,12.320036451705576,1,91692.60566521797
61.51124991302248,25796.579031848883,13.00356547233509,1,90723.39186073012
75.83818949013867,72067.55491240413,14.234797631804922,1,156025.40089083448
40.79182924534341,46860.14484272201,14.896998459785852,1,97942.39227
60.46784764064814,39963.908920101254,11.280462708421828,0,95968.76439878703
52.20010406886022,65598.57031094114,9.347904627835923,0,143513.96037601482
76.27763519861207,40915.76690394704,11.173069677753448,0,101014.60452103475
40.30042057573818,77390.14570320405,12.520561013165771,1,157187.0086291871
39.923337893830684,60168.88807008904,10.072482147578778,1,141178.07999584632
42.80728825467173,42681.32887781446,10.085698170209914,0,93409.05245254314
24.513251308282317,82359.62319898255,12.68757576309977,0,144475.96607538694
43.69093973983087,40914.27615494993,11.902695296859097,1,103221.43929500367
40.89040806135562,61131.430580139604,12.065593990823173,0,125054.56155774854
51.80472543771449,54489.38870609738,10.483009330599861,1,115325.33800787055
54.101071709325915,69526.11934098197,11.539198571588466,1,147189.7537804734
72.51405007059063,73422.66795090279,10.151533711463392,1,161077.69962087402
61.405086058232605,50480.06224,13.780396822249573,1,123618.36746928607
43.077156132051165,38698.731944807245,14.070498669447506,1,106649.98073332843
39.21902394381971,56899.582144086744,8.307624275523812,0,137673.92806838112
55.903030058078066,39834.26945371841,10.14097827961518,1,99849.04835332885
34.15720151575229,80200.80871289935,9.006941489819841,1,162215.22113297842
71.97750519025224,52048.02996624106,10.699952131186203,0,114476.48923309428
64.15328144865545,44520.176730318366,11.833124060419278,0,99772.78417432542
44.36989217474354,52770.204587973625,9.100709561,0,109062.42373459719
29.442385650909465,29793.10565705455,10.156280373749373,0,74474.71099175075
66.24646848998496,35425.789422340225,9.992085255837004,1,101662.49763831634
48.62552185696858,68006.20861916638,12.414534658797887,1,170208.43373310033
64.85379574368154,40146.58581542906,12.138688674072501,0,94926.20239600992
30.866868094467595,34296.33525977091,10.556524893325493,0,82464.80494099736
42.807499724554724,58049.79128790929,12.353641744278796,1,130218.22350371347
50.0629244,67785.56231994495,10.906639830825469,0,144052.41045733308
50.56376713,60784.29966,11.456689779347894,0,132853.21245763628
44.59921434224908,64940.715287087245,15.346904180597074,1,157288.81720204648
57.47419918816998,38648.073671458085,14.680922103580695,1,82010.24178364122
37.18855484740887,28672.839998872343,9.400837526144805,0,54119.08204960794
48.291446179744476,72520.00478,13.65946483575835,0,144724.40721161698
51.443547580542784,45159.802417367966,13.622793108983185,0,120052.03074755364
56.173266008704985,46237.50475317429,9.703473422494763,1,96829.24013750597
58.539378537066675,69922.91212773586,13.637555287509722,1,122226.50686273596
36.50429489794557,58343.45014,15.075863836825105,0,133778.47734522386
31.59062995117253,56838.31658122411,9.754910387511172,1,127187.55198905036
65.33212186,82475.03517351625,10.164994357971473,1,157775.28132966888
53.98776814,40347.22654429785,14.035322933687006,0,92798.93196448775
41.01816156132136,63917.60192121856,12.542990621651295,0,124874.68054133058
68.61382370627028,50855.19687345627,13.102952550479046,1,125783.1745913434
51.38809561,54028.88418294886,12.681178432800994,0,115169.56628712136
64.15156620876591,72927.02639618797,12.781391841856289,0,156735.30555720834
50.81022177692131,57617.53634434436,9.347055743377833,1,99848.62689738866
74.72897509858385,58074.441185744494,14.094635413242896,1,128847.12480536924
71.06409010931846,66087.61005964704,14.339179984855548,1,137869.66898161336
47.01243021825112,44525.70905685672,11.541218511863944,1,107818.23984616178
61.65885141145227,37411.85498991491,11.913046100372275,1,96899.17871
57.74451139502177,34327.862089684495,8.937784994888554,0,97069.69263762623
66.42357869038818,20504.65115935997,13.02850951203567,1,60155.65533803328
38.420918473038746,80843.10694910483,13.144114883428289,0,160626.82784134886
58.232617519981275,33451.87451417475,11.875617966001379,0,96371.68659737776
62.70109384219505,46681.19564621342,14.248706719741005,1,137242.13863100993
28.89512616292263,45847.80050166619,11.331845538040119,1,104620.15550404304
35.80089785,54611.10046713651,13.12921185,0,123660.58327321874
25.52921386687879,62236.058188089446,9.960671322615768,1,114105.51275915813
46.767117986665305,62907.10232539618,11.952895698251524,0,109409.05484121536
58.610507069551545,41253.83842146592,11.651291484194328,0,110771.36893464296
68.02828462515234,47493.174293203825,12.450615844081883,0,113839.01704117977
50.88913737,54238.69925732449,11.260946142333284,1,137037.49253105983
69.54338655,46269.633107246795,11.737054808656664,1,102838.98356185769
33.4387825,74110.18364029989,13.652094342883013,0,155032.20857383357
29.559410727738143,57364.62427457377,11.126471525523565,1,145295.49795198347
49.33342761324057,61023.16679074726,8.786845798522641,0,131918.66621020227
54.60878538727169,59943.21903001119,15.499167808410842,1,141371.12921742888
49.60766302287088,67602.10786227988,14.762908157380974,0,143692.78021247493
25.19069479952148,52715.32338,9.415474609788763,0,96558.24932929127
48.93055952584654,30547.52078,13.379415610490389,1,105096.0100674643
34.34636599394176,55995.31927628962,10.994050458897314,0,114030.40787437235
58.03607058596046,40229.64659312256,12.526974430662118,0,106621.6874720702
54.39917895316218,42070.74977375365,12.588448258026988,1,93224.10669591924
38.72144256407174,58795.46028,11.531184399367357,1,118737.9945608899
43.83359699195968,68574.24607150453,10.432468668827207,0,154219.7513171003
37.289437737332584,50319.073651040926,10.618917895367481,0,108217.92114295033
49.24785083272194,54632.49518898446,10.167616169037515,0,134036.29133784794
61.46170784601486,75533.22416952856,10.33635558353911,1,157073.1414
38.171287443973476,53611.297692328524,11.86564341990129,0,99589.30534541151
56.04855818621413,89025.24671270592,10.568480021778496,1,186434.3098160867
43.63690857953071,58482.64468447316,13.36410413142524,1,126734.6842675085
40.48552601285187,23588.558612662735,14.974492310671854,0,83417.04726676417
48.715635680545304,61300.124316567984,10.839893517259913,0,130349.53401959452
37.577092130967515,55717.37577324166,12.478809001070754,0,106260.25420114967
43.35620833583381,69346.29131124119,12.999370220605869,0,145165.1860915484
35.62546528893382,60097.72026904938,12.944004541838549,1,155396.63616028067
73.57670159499668,47923.16024024339,12.151910535832174,0,120003.02072059135
50.423162623660744,31635.526455659514,13.485364836719445,0,87926.95138
41.60329390408898,46864.65114070962,12.964497905361315,1,125255.40272160807
52.56775892881066,37242.19319,9.524675155345404,0,95379.81342698887
48.652063403710045,41292.14825292916,13.738312128778546,1,110069.68632135674
47.34836480560133,58828.67606630914,13.774581674533485,0,118203.59877324637
57.3700004,75048.56756527109,10.473427791642838,1,158990.2594575236
59.09009252056766,55920.07294734471,12.075875670895204,1,140173.93313416687
43.63398622867367,32061.754069472234,13.366657985622139,1,84643.76550313129
43.09018111226384,56669.040023302114,11.581372360841277,1,142293.4177751035
46.699379634180275,67949.47229968477,14.145956095532023,0,142158.01124873495
22.376946023172984,40853.25643520927,16.727744989238722,0,92486.47643014316
31.817707253617375,47989.742499906235,10.428027934730036,1,122161.61854183444
66.40249121,50220.32292093796,9.237910794,1,116660.82649911684
69.73961256201541,38226.5253,12.60763719120975,0,108003.51590602275
47.01156752532346,59724.20650765789,13.443125010252286,0,127163.58357795227
56.918683556669194,48185.77777088328,11.538267252310462,0,111756.47500683671
53.73500185452243,56292.98665860542,14.90652132664207,0,132341.8536360715
86.94656970146285,36687.61733,9.322788400553502,0,100305.17043112573
63.434898937214925,43438.125495148844,13.385837246063222,1,93102.94252485134
48.4649889,60835.72036741657,10.788278358482213,0,118099.16984399778
38.53351471279489,44407.502718623495,15.438755812414593,0,117124.13694517722
30.72264415690913,75904.45776850107,15.985030706336236,1,158128.74809360874
52.44156363040668,44005.45721578097,10.466686824433305,1,104103.79416495153
40.92379105658836,53370.27088627829,10.900885728182839,1,108509.12056351377
32.93295548482791,63988.86247809635,13.719175773959604,1,128845.04960106981
42.24112538908968,28724.514006004523,11.22573870042097,0,60430.69211817173
37.02142395662726,23587.86782028836,11.909177564135524,1,76831.38570104683
70.24569962087078,27115.15528144858,12.05077684108482,1,82275.98890057784
60.579677083393406,68938.76155140773,8.160653687604688,0,130989.86866737214
49.90432830420059,41722.127811613296,11.972324507811525,1,106359.93121918204
67.75932966668032,88372.98928502378,10.620544451871652,1,181983.63413793675
50.92841969177142,41536.286020139174,11.013754355200456,0,121889.42566127438
39.664589584060835,52768.269547955555,14.887264006937627,0,104870.52257084794
68.27748893,73131.64928851814,9.486986211441486,0,161019.8939163093
56.46692052,80091.39332238684,13.626410373495954,0,171964.55404585932
37.55304614808252,80922.55364954597,11.442074139336382,0,150667.9341421007
47.71593586,68125.49345889714,11.44047966300833,1,147818.46977666387
39.49258095938291,65360.93788717194,13.580743792103423,0,132969.7052733926
33.40640322842796,58887.90423801775,12.68010258913778,1,132879.80523461598
61.11413057,61675.41614249957,13.141225994439061,1,154912.7799277909
72.91299968564157,41732.21426,13.936369321065722,1,118527.70298283309
33.21718911,37727.016748665395,11.337383233633355,1,102996.57045609142
56.75563084028685,49949.38313883572,10.77552653,0,109909.85266573468
42.192289170538075,47447.23066212607,9.829698946884404,0,92488.82166641086
44.15449539482365,43201.579260090875,10.34917894004209,1,104690.04003399788
42.89127290913357,60445.81171185073,17.89818885061745,1,152066.67890340276
39.632110763842206,64329.57812855766,14.489359161473573,1,126656.86440298993
50.582259535337926,51326.10329437771,9.297851267583958,0,103323.45145768426
40.02859860306755,72162.95121582893,9.355084087,1,149866.47806305706
53.24548190935806,32874.66328799743,12.963732123436984,0,80416.00149336422
49.39714268661036,47095.10811080423,13.094529594755933,1,108221.5286928017
47.13262343760308,39247.66519095792,13.09776767063473,1,99803.17316
39.10923605550082,22001.95074,11.490088412892604,0,56703.225895172385
43.07874403318001,48759.78971235951,11.749091479994199,1,106609.36919134678
59.06469470990907,48173.78737425074,12.655759048318714,0,120810.42348405428
56.01100625149257,72701.74614863197,12.171786012586661,0,136552.35835094887
38.269337062417385,59462.17526832166,7.561399255,1,111516.34137140165
51.19198766515071,34637.19763506192,11.540400738849613,1,89874.74554587615
59.01664548046147,77811.38849501283,10.297187131479372,1,168186.3217211663
29.96713662654354,68315.50543,12.350422837817025,1,142349.53340115008
56.52032230855922,58731.465552029236,17.97051800520682,0,129899.95389837839
42.04851489264984,46602.738517252525,12.73496333094861,1,114389.93631588094
56.84718402311791,35608.41144914781,11.372940627655204,1,80855.56108
40.84089012,44416.89835893421,13.843603003954504,0,111542.14059832961
28.341414792025773,66331.22929556279,12.965375774418426,1,145547.78225060293
30.469490745402048,78268.79458901913,12.840188980903683,0,150720.71973528547
50.577019359936585,73148.65292408284,13.213701186431342,1,165582.47859451026
53.116670020657786,42667.25867320589,16.113087129659085,0,96806.51465303621
39.148200498747094,33205.73850066483,9.738223129348167,0,96698.15088769316
57.663109505328485,52113.29370366806,12.947264153622909,0,121311.60779087678
30.061759252772482,23473.409516557225,10.147237740036923,1,71501.09000400691
49.20704242,54847.515712771725,13.111025292684497,0,122564.6188705938
35.467805602850525,47785.96120551997,10.162626977027811,0,106089.09196762592
42.17796670637409,43009.452471976365,11.165266372789832,1,119208.96905088765
50.56878405579697,26079.453990998067,11.409820171524187,1,72347.52749
39.67503961659257,57704.00159854575,13.951633438689418,0,118833.69938753094
45.38533347,42009.487405071326,13.836908887884828,0,114021.96893660293
62.07551371057329,32451.24746434568,9.508565247107231,0,81541.41414837317
43.07729756572221,6916.066801,12.109868221999697,0,57950.893831336834
60.02830534,49587.27642424046,10.580840290501655,1,135960.3605586667
36.44351774410858,76583.77395004616,9.482990178649331,1,150807.22849591853
56.357650134983395,74918.88821821805,11.565965899151259,1,164211.5690124789
67.29882345,43143.55615120592,11.383034423088361,0,94656.26935368287
20.34026599847253,40966.81909457329,16.853432972691046,1,113902.03449499997
40.43725693435428,57031.613841125356,12.865919650721393,1,131473.16881243023
56.92486552616648,35024.21841217563,9.244764998491526,1,100050.2052672821
47.56345536748409,54526.87849729199,10.870451991658115,1,118339.56732236476
54.45375048,61491.204175770356,14.042766590858797,1,122836.80127091099
42.75217775941015,68403.99835826461,16.17688554573985,1,155228.23039454332
51.03907745,48497.68885280071,8.828033375524083,0,88596.39674738183
48.13187317529505,46944.893747345515,8.24015123,1,107703.7679046091
64.01338473991768,36830.261198651584,15.741930350743564,1,115001.1485239083
53.05305011961456,37596.79469,12.779228354741807,1,104051.3552655175
54.051231944902426,46602.81662,10.263414536247268,0,127758.7507080964
45.05747640653039,55510.48260224267,13.06925817224487,1,138344.69506240616
44.14872531113008,63703.76939349874,6.7285045219662445,1,127367.4835256281
44.80930174616455,37952.31573979483,12.006751013194322,0,95929.75368332565
54.73342570853956,72390.32853439283,12.65564234568617,0,148977.442
44.94818623015684,45933.145984361465,13.84854027907566,1,98668.71955668011
53.477298282756955,49679.490584773455,9.972208095414924,1,108109.04955014514
74.90480958374526,38791.82481278265,12.171374322806718,1,100987.22390974389
60.453496441180306,13636.396095905877,10.149150747880824,0,39309.56432935732
46.08771761398591,63260.68094541575,12.510767511348634,1,139789.8812540866
64.41456706596733,61052.65846,10.209307355273952,0,128959.76165321842
45.10309552374138,45780.08664,11.183798321679559,0,89890.45360196523
25.542505577865754,51004.86075837308,10.008369210419541,0,114389.16483743234
37.90296426899115,57739.08826556149,13.302272483647315,0,132755.07696924784
27.55049694768973,26561.81214670186,13.71690223331333,0,79962.53978416846
45.78183819,42064.209839805575,11.530758860085172,0,98253.66759642948
50.22102055027462,61913.970194327405,12.076475989920057,0,138395.0058814709
70.11724775,31185.658652461258,9.102817170732912,0,93201.09591628723
53.923128485169954,54403.368982499436,11.400646703986427,1,129168.20514770795
47.37079365429363,29651.272930648924,11.89959076591651,0,75235.99670568632
59.95286697420187,56996.449736502895,17.24158618205995,0,134495.19848805637
23.466376291905377,49465.37776553775,9.776065948451674,1,124448.89554879887
52.827374697302794,25773.022761417356,14.928354477504875,0,75545.70423810903
59.25038233,67471.09031685758,13.993717546931617,1,170067.30376253885
32.25696505,38981.12634802926,12.561272808980274,0,90615.19775
63.72504851848315,37846.21344478429,15.517240968390267,0,102169.38854674053
54.06195688993297,53008.53795846414,12.744210945213727,1,118641.45545633652
45.01654503319038,67229.56024143072,12.778318391335857,1,147607.84886766312
57.59338239327542,34762.67271532404,11.893758693964909,1,80254.55819958955
77.24831429365275,50925.197747719576,14.447137764837255,1,121961.76354229731
52.18239506070194,56432.24750495859,14.192938467621767,1,120747.45698067927
52.978647035604034,60396.58410894716,10.748645425007576,0,130643.70212269183
44.48766920551707,52646.62332915838,9.361505610802466,0,124949.06474045667
39.80186757,44494.58241375016,11.594038725208685,0,110766.2543519428
59.964029798530945,37586.146690269205,10.399922871204707,0,72057.15376779923
39.726994089093594,51292.158245695624,11.87295085076929,1,140190.93386195556
50.85879484663271,33917.91482,14.474876269368279,1,100933.36713289571
44.26811064,6179.742748,11.08539668982642,0,39230.23600209054
55.74775790895671,56548.39706236502,11.91435323737685,1,131670.3917071773
54.003945263443384,63559.02261629293,12.11604546961679,1,142317.06940859964
62.45047933109479,14556.013466872424,13.696861764410569,0,58229.966694867784
43.87980321374303,34854.03942935094,7.506221332,0,88348.41763153941
46.761500776479544,59287.31391507797,10.786599410469407,0,120657.07252335522
38.25483541061231,80862.43204567548,12.422567384558945,0,155410.82083776378
44.668480879086665,50311.905615131116,14.400157912853722,0,109705.49710986255
54.52760591653822,39079.955881562986,11.01619510498759,1,88488.55691741628
59.083863399744224,47256.553383427396,8.246894587916252,0,109452.66887517282
38.934016109868494,70623.14628722277,13.239422891932273,0,150867.23910441008
60.435271041267924,40310.53731313197,10.729275222348742,1,110409.20780900063
66.26765431,38012.119900246194,9.620666681819277,1,109778.24720438982
54.96121883868441,42758.847167269516,10.751309220573551,1,111377.16489742916
72.52154975069679,35700.07087611932,11.63094928,0,90732.03307930277
40.714529610757126,51840.054739921936,10.790510670923574,0,123054.41086673192
35.06414356,74370.17687704341,7.588867885801862,1,135828.57933698708
28.655357013148656,54846.18909674044,13.794132393774264,0,111355.00576573242
67.95253174,46214.69746810569,14.549750082557445,0,104422.67533116405
57.85238787624869,45622.83096626684,13.30304398267901,1,126215.70920490968
49.33298394907454,26552.137869550144,9.724628659150367,1,91380.66819723752
53.359623515837846,63246.646657207384,11.597016932104964,0,139343.98281574165
36.49413143241948,48832.44204480797,11.986957369541084,0,121429.03880373393
79.34902375540192,47292.80129614061,13.197588779123821,0,107246.31646252514
51.55065418370273,97896.61351767291,13.336680977436162,0,191400.15058011073
51.31273753525871,54481.29362548529,10.531652402443008,0,118698.7591871281
58.70919948678431,38723.134248572234,12.163991112827121,0,107523.89344755227
55.772110780840556,43604.636056916854,12.914560809230482,0,105535.08918620987
52.68660829134958,67226.68563795132,14.911644644293533,1,144805.23546082215
40.51430653465626,51699.056158066465,13.409013079649446,1,127443.8284825575
55.65762028563195,28425.830325239498,13.578113374751037,1,98327.19358
72.58429395770041,63788.43401862805,12.167653255858722,0,132054.49642898786
66.14504055385973,39977.83871691509,14.820918290407008,0,104098.67573533484
69.11823951967277,78099.46664326318,12.819525591918994,0,149752.05514834815
43.865411882825775,66200.72098571973,10.277824179652859,0,111178.1072657269
38.12474215689703,43290.17156511873,14.806739940250381,0,107465.30492560031
48.49055695880422,69215.24543,13.395806545078056,1,155581.31179048505
50.668698947464335,51017.83265791105,11.113911957743035,1,122861.63387759651
63.13029822165138,62791.605126833296,11.041014065201514,1,120202.3493111555
29.690424443422167,57270.99225941712,12.593151090281523,0,119444.70884515576
68.35460383352736,37304.65018,12.926369590535169,1,81953.05783
48.10390521705213,40346.75251523807,12.394584531262414,0,113827.31016321918
44.87742716063096,65449.412263717415,12.62261734688577,0,126667.80399537567
37.85474749687799,44978.37001840189,15.39991474915276,0,121099.71799588625
30.141719937610763,43945.27305137005,14.143086304469772,1,119040.95030900792
59.878047007542975,35673.16130975971,12.38127118253005,1,90866.81667294045
50.87981560626085,56353.98598390192,13.882621161534967,0,114717.72296564952
34.52046920310735,80937.87378864718,9.934952192944921,1,165023.53542024514
34.459054735236606,33987.006286185904,12.795854099893617,1,85501.98136762726
45.97058360851846,50363.29185009137,15.61861269946622,0,119083.98443746312
70.02825830347271,71183.30833123144,11.563908209215253,0,144014.8335435141
46.884903783636744,48805.37913131427,10.30473214276183,0,92733.95226262242
31.962284562582724,56785.57694374601,10.695822222813879,1,103363.8501315757
47.05108323096867,34064.09708,9.820733925315224,0,90241.38451160169
46.727317163027955,56424.60645811473,10.430476183744593,1,121460.90598206464
17.63736028470114,47192.83602493177,11.258983802819943,0,99162.94371378145
49.348461601786255,64785.94993519795,9.188865961642716,1,145728.69849564543
47.22878563749587,67810.79077347126,12.031236667899206,0,152566.16344005492
58.35447637776102,88843.45463,13.804554347573294,1,178097.46053603815
72.18747313934415,58694.497598203634,10.184487639706159,1,130648.36793881464
63.51878035457309,54886.944748732494,15.038567847283538,1,136898.23235470708
46.773335713342036,52915.764523660044,13.021584177055189,1,110841.87562255081
36.72168909509996,44702.505607839674,14.061161171248115,0,108854.70349474958
80.88031763899832,55077.25765192536,10.684330892295726,1,135951.12473425505
50.71062120817386,45568.97884791456,13.709050454133232,0,116471.41399140745
50.167151502955356,52526.91464404421,9.816132199209374,0,96764.04986569434
49.71049895467996,69763.96303,13.780495001673017,1,143269.4616979647
52.377017129214266,34901.86152080538,12.343678679587063,0,83770.39100194261
48.26767505691269,67098.17841693568,13.106502439969567,1,146992.79086800214
43.116055917437166,69756.72601009798,9.648810788750296,1,150558.75398919266
43.437692705115296,48228.97209513382,10.209860315446791,0,124036.07643837461
49.60696075740802,18172.17651487108,13.19445643650677,1,67944.11051874385
43.47890274639482,40882.670193583515,10.103303991551599,0,92973.41971079395
41.44585060787403,69454.91819841664,12.926412584198246,0,154822.38766179178
51.27716273230276,49656.97906551677,9.265724387079509,0,114408.53678050313
46.940273390949734,35010.466515576336,13.696348425333337,1,110929.60431922003
68.04791586299226,42428.376181576736,9.534953370462983,1,111271.9850523753
18.188362299283856,62609.300397568295,13.104599875359046,1,123175.63862947136
63.09808222306954,58201.00352302069,13.251261867292001,1,121686.19593750543
64.95302230997154,46416.01851245458,10.60645636314085,0,94458.31498772917
25.119317211102206,44497.63382277968,13.164053134169453,0,110298.91979758904
45.88774887103582,44123.62776434267,12.520884526667112,1,122475.45673470657
45.54270961,36163.847232522465,10.922316287614523,0,110493.1149914696
33.109859663386146,74230.63534204163,9.982890631847583,0,154726.37591765035
40.66619975,45165.192961829904,8.074748616654842,0,113550.85379708599
36.67308985441005,68257.37781238244,12.699300094599387,1,139786.1669647977
71.02724532108347,72819.74077883677,8.870394457,1,142189.9343
61.228140717769534,64974.66347221941,12.190688398882616,0,147337.69803905266
65.25866114,43525.695309229275,11.473103567835501,0,110727.2532250629
58.66006476851882,56055.95135504914,13.35828555087639,1,132315.6660421368
36.45137874539325,49637.06590413626,11.395909001020271,1,120192.92947536355
43.70575680464272,36444.472089048075,11.341104427305817,0,95795.53091
55.872494734735014,54865.389225824045,13.46374140857659,1,141980.86805605853
35.33446629329666,32314.40313260296,12.670116058168235,0,99391.74654923673
58.555981162068655,67815.19082692346,12.632311914365557,0,148580.6988524645
47.11609522210238,43030.74054,12.938535179617052,1,118010.08899934785
45.50215030940483,53017.39483809259,8.928855753585788,1,125420.89608138315
58.53151962,54249.31807319213,13.513577359973963,0,119055.58509218224
55.33115973783248,46116.42539443884,13.224937588027204,1,123264.89638949173
45.66840601017104,58800.40702212912,9.966633742847005,1,116072.55448897372
63.91195764037098,42876.44515066213,11.511839052651597,1,120952.2159476593
37.027240068801234,63069.45946185866,11.921385424744738,1,125134.43123019257
57.39122728333116,29810.304796298773,11.731006431196535,1,92913.18059
57.11721509562061,51895.693693196175,12.66771993313707,0,110627.30315301284
46.28544272823212,79083.93498587426,14.862733563662367,0,165965.34228245285
53.913596266905415,34995.03013091638,14.163533455345657,0,94403.86583247695
34.986637083376365,39833.82544212723,9.375561613137187,0,78426.73575720117
61.08832423048281,57708.617744883726,13.244139980612097,1,138177.3115426949
47.78117436268413,52693.72672909397,14.65786663907082,1,120086.4251187873
43.72732375377153,55259.45148910339,12.773617041378404,0,131033.3600462329
62.58811071004267,57337.80695221495,14.181960850371933,0,129590.14477254485
41.54787571348689,59520.82202842655,16.02454089140153,0,135492.16514494477
33.09846444363728,66645.49762934334,14.047419092213962,0,129404.74565262244
31.320449917713155,56147.279853927685,12.498617191283458,1,120524.28214555833
57.272119416147675,46381.13518072186,14.090176948169507,0,107666.3112706636
34.63484777,60088.60551804097,12.289775666193782,1,141184.93591118747
71.05753018381237,78498.22902342823,12.047806086569912,1,182227.55002733902
25.016847105395335,48010.493804261394,11.297171528572536,0,99013.72178334516
70.35747641948046,35382.06042994038,15.126826717664217,0,109522.02027207364
52.53220960643142,66606.21004,10.363142668115998,0,116455.51499078059
48.83944265755529,48194.282540696026,15.064735449356231,1,107740.18164811065
43.460970958292606,17409.95680978946,12.999728247480743,1,61046.02454404107
54.78963337222485,62711.325157256324,9.201387650396118,0,117961.73349770709
49.54838357090182,41970.07721069116,12.735298585982843,1,92286.78803977906
63.239622584198266,48642.00076543759,7.799946984696752,1,119378.88064186086
51.37073178394448,54979.70495853522,13.251016033662072,0,121285.50626177798
51.80362113754253,52857.495196685995,13.770462965977982,0,124621.30290768945
45.63665345343373,60641.777257085596,10.815288088695892,1,140528.17885355448
49.316652515347194,43467.70444145235,12.247095391911165,1,112502.3198631171
53.69362122670471,57696.58697264124,15.908314867500572,1,142084.87027197186
29.477979288120494,46106.79983624124,10.988506591476126,1,108875.08037663337
33.821774934731444,61082.157213312545,9.882184826,1,119708.7530030079
58.91916912827258,59230.51226,14.963326804925197,0,143225.11237266773
52.050385257535304,35968.41946933107,15.92517438106159,1,96794.24004587722
47.79219996376785,66289.73174262547,12.007391343695694,1,134254.85596457482
50.22120719678472,41960.54832328928,14.022926070816712,1,107717.75087722435
54.170980464340055,62120.86697421718,14.682951831061763,0,126861.7901690734
43.52288383628766,55509.30970102011,10.515031534923232,0,116133.12484200222
40.66034329517225,77572.75515192683,11.029388329264263,0,156928.1118
52.350143061172176,46648.01026442222,14.46174902630947,0,115769.7032745799
38.259526668619614,44760.24805822704,15.370028557417019,0,99271.02898079422
54.899033068573665,49708.70591168401,13.12576172034871,1,116046.62181867332
29.568996749145917,45452.30325748587,10.240371292995892,1,118597.50573929901
62.34986764790772,61999.12852913075,15.974122223398883,0,143289.2963416206
55.67116978895652,25755.34087345118,10.938058204376071,1,103672.39537638173
53.07235681176651,34194.763712804684,11.329724437657097,0,102384.00526604439
61.79229180734617,33982.95618,12.684675668979242,0,104370.88439014871
69.98569333355093,64254.61387960364,15.10832084142955,0,128109.41015630965
62.17244078021756,75659.20058872888,13.707951953104448,1,169161.22246956461
27.909509224020255,48433.261721937924,12.829731000723822,0,109134.98195026464
34.64507639917158,47467.67415214984,12.926577060236212,0,103815.03171295421
42.50217706765186,51050.78244669772,12.087029337286932,0,116718.68297280658
50.313092602530006,67428.17453912285,13.116279029037013,1,156257.6200742156
56.21190824562947,36089.70298714139,6.940879844611394,0,94515.53647221002
41.291074242158416,53575.53474102178,11.406785081860404,1,114179.01031629625
52.24120117372494,64627.96444673644,12.482643869833563,1,149685.35985192316
40.93540481176013,57516.41254909767,9.697971832760986,1,120737.02595741188
42.66178636409662,52843.724248981154,12.77264663562312,1,125604.33215335221
33.120066837821334,65015.69138850712,11.591057558027757,0,131049.1039916903
38.92120104666915,9451.515605011442,15.51095139663098,0,53337.74244379226
33.77978473,60168.12979296361,15.146039450429713,1,143127.63160017083
38.28952096427201,40188.864753088645,11.068388861763674,0,86693.17693787845
62.64370155929407,22540.506547153145,11.698324576866609,1,99357.59037425977
38.607213334016684,57668.03899287471,11.852104868783215,1,110934.38466525282
81.58858477804868,70604.87817744436,11.096681047680754,1,148265.60919800602
55.91981481057067,47938.27228058462,12.390049968056253,1,121387.5495099362
52.218033484338484,64293.11820804408,10.48343586222482,1,145598.95986129477
39.69970663782544,74184.17386982968,9.738769330124947,1,150965.22892482622
58.40371855,69723.7168,13.245422447800538,0,146017.64840636236
43.092346085146715,74599.46794057089,13.259059168443622,1,160727.61384534813
51.464117775744334,61131.91236607838,10.391368480680015,0,127498.15992158244
80.72101445922553,51131.50458352389,13.790710861525199,0,136527.93248504392
48.8472812,25970.512821542474,10.736844541669337,1,90413.1971
63.791279915428106,46309.062678050774,12.506330476075963,0,120266.85999052269
41.56188289848935,37351.30107025713,13.640688025224913,0,86240.35483167983
49.58013811403646,82564.14076,11.932774870592574,0,162422.1224873418
71.24960762762612,47361.712813514954,12.909481824282269,1,116634.83270149157
42.47639530654679,51848.072101767284,10.967140712224857,1,110054.69440396313
71.74938269596315,58272.280640607016,11.607066833143806,1,138379.53703790647
58.493023225465706,50654.03669558681,11.588281138239319,0,110966.83208764123
43.25039868926879,75425.76561,10.506843306919523,1,161687.08981850414
57.58889286866625,40660.25957398322,11.646451673768436,1,95573.25933609989
61.67065339552076,52919.11182855864,8.902763402272507,0,134722.4352828568
57.46171954660636,38862.94121452927,11.017692505715791,0,88968.03567358005
31.157303361314522,30199.662331689415,11.430249013260658,0,83596.36138699633
41.27435389010158,40823.46363642072,11.48764049500924,1,111832.58213703622
47.02977637338194,49444.44804427382,11.517005108258441,1,112031.73932867532
49.10679885079944,43560.46663,11.876471600279743,1,118107.8778105908
57.44806517060814,39613.68530189216,12.958883036172129,0,88704.78478659743
52.132412011199044,28905.23804492249,13.749034148265045,1,104447.93000915424
33.97586769547878,48753.41641056958,10.700469546303466,1,114068.46696613725
54.56237421207156,27429.194389534965,9.593598289221712,1,77957.63193
57.32702894340588,61400.83945534404,9.915911175513795,1,132624.40697576638
56.71748537517248,51236.59629401755,11.025594157610145,0,124477.30409883954
62.96936870665546,28136.72750802604,11.296157364366982,0,77102.10101389997
60.00706585458685,45361.863844252046,10.460007867605086,1,105010.2866179434
55.51016095074124,38717.65391614125,9.407766672,1,98595.40571
49.15801146249623,54787.61765628771,11.087758345051624,1,113873.26542115795
30.06846879780811,70106.75669034717,12.362853240227942,0,160238.6976748381
55.15541862959103,21872.41295531383,13.19005893167113,1,73608.04525
52.49225224595733,51725.39118721126,10.885153893783357,0,124663.24637329786
53.258946046344484,47598.00806650039,11.174004355713132,0,112654.55919889311
34.679017090156286,60070.10114675698,10.14660338230538,1,120608.26716114461
37.02732151510085,53197.94942356534,11.937121659250447,1,122228.59692973629
62.637834239994845,38720.460023917716,10.30314273161837,0,105619.53569660166
49.52533815372014,45214.19096500073,13.14625563,0,106513.72944617846
58.178008368471495,38059.612147947664,8.428267016131777,0,106175.5159518343
50.33982051356551,66140.10707897898,11.280740655095075,0,148257.0283
50.35707367394892,50319.67473007913,12.602214678383485,1,129824.43637117783
61.259405671711974,78517.86028629511,12.367669032645008,1,159736.8025901145
43.80746326139151,49090.08779278069,17.386067327960994,0,106793.89402852587
51.15344932,39373.898496343056,12.699600049135814,1,98297.58913851622
44.45269653553949,27294.28411080759,9.991890806,1,84563.63086
44.78604527081221,22952.904856160825,11.809071505821853,1,83414.20271600848
46.28993451837633,26237.960854917652,8.447507333067096,0,53032.22474559555
52.665605259604554,54006.89976517225,11.838800501406478,1,125667.85892198804
44.25501654003828,57630.87534844901,10.333887885998482,0,124999.34564290957
65.06907350688225,26282.13947,13.830780551120323,0,80238.90821827413
39.26471237336595,63425.57471114173,10.90091945080893,0,144841.72676368523
47.75754027006369,42754.08422474841,11.766468168409506,0,107279.02628855039
44.7232273,52201.89517978324,10.728884317191193,0,128842.13026278152
67.36373461,74183.30942383136,15.477702703706662,0,154697.62182778813
52.358657318138896,63452.58973798298,11.357514467764176,0,143764.97259752871
62.382134473623616,45972.04028141251,15.665114086958404,1,135331.1586253959
32.173275523556335,36632.11661877069,13.628303524236532,1,111519.40427365262
53.20460319043111,17722.768980060428,12.964133454670772,0,56607.561469038745
60.675569547481246,39212.70021,12.73746629463504,1,103121.09126837896
50.98740787130509,46833.046417584585,12.787594596432504,1,112233.62834900718
62.78576450078421,35192.30709273224,8.144654841,1,100243.52550628805
43.79253859879553,48031.145493615426,11.442233211698486,0,116921.3677920863
66.91216928222696,51152.77824438152,13.690315942368644,1,117067.38196101761
77.58677748,46627.16027287882,11.90220563305179,1,119159.34780405405
45.64593727472409,40249.961287648104,9.189620306,1,81212.17950751228
44.653969743190736,52529.82007950092,11.89519109884506,0,131807.46673759393
67.44061373,56629.109743541136,15.408211032510982,1,130344.22529986761
68.95486574876855,33644.01383835731,14.493783431069438,1,100861.67344936565
43.72567967416078,71163.98569619405,11.875991981267937,1,147084.32533680252
44.95775819484971,48521.17801573608,13.902898554116174,0,124888.60505708189
46.61858469367391,50282.744344172716,11.266985959263897,0,85308.82576560027
33.866593867588676,60623.216348848364,8.592256826346562,1,129440.96700649832
38.97617664218962,53498.24196895253,10.15106802374089,1,120186.66989852114
37.95031079897519,64297.04950869868,15.125777537016395,0,132727.53454399385
40.786429218750456,54306.86247802736,11.452013836341392,1,141292.5373925513
49.583781351358624,40813.43938039343,11.513232041249964,0,91297.66373
52.81057679043824,55422.55287809153,11.40032360745024,1,135173.70121550988
68.60600591376893,32844.10689019007,15.808273179146013,1,103927.86228855728
38.01975151113451,51628.39558664785,15.251917830724127,1,136012.66646272122
61.81186878171901,49501.550140333085,16.43756046689627,1,118289.77514687872
47.43213386929389,46878.24714,11.681909579199898,0,101784.41137972425
49.40643548417081,48071.93732841604,12.59124897749419,1,128070.81936751786
58.097833905999245,21772.264317535413,8.966714901158419,0,74592.99954666253
36.527335741252415,41769.12638388558,14.95386885223655,1,92637.28532
54.58891695420861,51392.673517116724,9.664440897,1,114548.73857163779
51.99742649855667,52397.84587996101,12.433551127525257,1,127693.76046073087
55.90941516809779,34584.87288611063,9.805394944734312,0,98446.75876458082
53.470023726893814,68985.61761297051,10.822266346522607,1,140528.88979308287
79.46360167893073,37007.37727678249,10.32547514,0,68613.52140674455
42.347120188984206,64541.85800790105,10.784249478648364,0,139181.3363762179
43.62803653997819,56407.91542807527,10.921754593702042,1,114874.62631737193
42.522313682902826,40306.59035234296,10.903462410149846,0,77568.30701
43.33427457007694,76629.66338914268,13.666667823560614,1,131788.04484294477
42.35135447232179,32095.447523652798,9.790274414,0,92425.95747217983
64.26819837329062,63787.31260415002,12.441082854027734,0,139048.45602029603
67.04605097587826,65008.734770644674,14.435918304611118,1,144749.36429983733
43.15104447500629,39940.696863850324,10.973607270973208,1,116247.55286762725
40.011733122749256,70886.97950096494,10.564162218504796,0,149269.63826859533
55.65698667663685,46249.302281015705,11.538950749639499,1,130424.45259987775
43.37332346862834,54330.40443919785,14.35945041672142,1,113433.70087414248
57.595181813066134,53904.82758156831,12.388215261906716,1,126539.22766667946
52.435076250215594,47985.368877941786,10.937571410784804,0,94613.75241574968
31.811070620033217,62162.12409739673,12.96775330237608,1,133688.77672292147
68.57006241596073,61902.33080828319,9.795415700327153,1,135448.26273747926
71.55053207714626,23772.02040142729,13.362719020885896,1,91019.46580722947
42.646535714187365,69565.10364317229,12.817214615403534,0,144017.48924870905
45.34758128076819,25062.620179464884,11.384383057722232,1,87014.52190183394
53.430384688698865,65488.19306512486,10.322828403105538,1,148604.0770354866
54.01348148,66900.57705241375,10.226638155433085,1,165228.81272986176
57.902531272073965,33635.50354677203,13.069634672691821,0,89055.30313079973
74.12245447,43837.78568068123,14.457961004978124,1,106922.7806891156
47.87663327007141,33414.42997271096,10.72538450594241,1,95489.36060868365
40.42043306553855,46776.18454566897,12.91677340710297,0,101121.31491404177
33.448169263825676,45379.48573721388,7.8259459627958625,0,115732.0076425559
41.22883952069697,61694.907984040095,10.830764538685601,1,131725.27205339796
49.60247632551444,69654.63119179413,11.937882134258196,0,138204.43669203666
71.53469436221346,70935.25716184934,10.180633166036333,1,147600.56585163117
43.78866441156595,41567.47960132547,10.12698725042081,1,111230.68054886031
52.68545541966678,46861.671893832085,10.664440887062227,1,112282.29720844553
49.80292524712698,24748.42711668575,12.584385456652747,0,70760.79672
64.26071928,37911.94900255717,11.625341963187251,0,114785.89253546487
80.32318911048345,64472.77449646186,7.523537533350056,1,132719.47923799788
43.62957472495615,74233.74235322348,7.758599694729868,0,146009.31017363846
44.126726689781336,31484.76692180117,10.78626964428565,1,96155.49055
62.52993052482886,41113.036112706584,12.915373172107104,0,87651.06581572059
58.182697875515736,49603.91364561609,6.504990314549531,0,114440.87047836027
72.16048790883241,54202.417382294094,11.000539647696739,0,112577.16215265826
57.00713822391157,37855.94720117531,10.947504286965158,1,109510.32363065486
45.688494910555285,56360.915666961344,14.776675556416896,1,121544.81317425243
57.08785796830771,42892.409793936255,11.229956376574272,0,111059.4400812134
63.30444296699489,49783.215936825814,12.765977969481856,0,127994.79898271695
59.84578617436837,58194.26372,12.282514280174926,0,137165.14304274146
56.08728837328758,50096.33404716407,7.738867040385599,1,118809.62784950587
62.80009627506985,43454.21164210147,13.536414433263474,0,105824.73690837916
64.03154708534808,48355.852941112535,12.430793010912575,1,113805.10872203515
66.58590789245032,48674.55561191997,13.01653727934918,1,135726.60378926774
57.784518651075715,44449.83455176808,19.852475412872653,1,113199.95283650968
47.994583036197746,46118.059059993466,7.831774121002823,0,93837.38943072272
51.76056423719987,73979.70755757076,15.449393299522217,1,165836.72862178663
64.47810759810028,58413.791719118584,11.425104961199288,0,120756.14064772725
40.19677194815317,45567.795229562595,12.574657808806018,0,97455.23147071163
54.424079706474814,60454.316067661035,11.908975509397516,1,121318.01894516265
45.27993425207167,44992.707653659854,11.151527333203912,1,105603.48055689926
50.34493787521781,67596.86956379961,10.860334143522483,0,138980.22893153963
65.34142235128759,55544.63288297141,12.659017471146019,0,128208.09742490326
52.29318881623884,48390.467839936566,8.965652606656642,1,123908.39513199216
50.55723857787378,56715.75388715416,13.501158335043531,0,131427.35418911377
33.68172630824097,26436.85771897251,11.167611190229492,1,78966.43452
58.95504279232665,33098.48796635292,9.739861321919285,1,91248.89292650046
57.74581017,32091.12490401417,11.099974284008372,0,93000.10786
75.95905667966552,52144.14642,14.514298433725145,0,136850.07819714406
46.30666118056399,75987.72499227637,10.929329825967553,0,153120.05848629872
52.62980393196727,83469.50219288949,12.71690723641924,1,166124.3225734445
52.992604204529066,59570.76652161136,10.538087448569053,1,122914.46785080999
68.92943936,57512.66712416685,13.515843699847238,0,115672.20764554951
48.85645361135658,22984.133987708916,13.371015477580409,1,86838.38122
53.34825830924407,41859.89300398967,15.697217666592824,1,117269.08115535951
57.29475811659847,38183.24372137641,11.64887210900157,0,103291.5866596226
52.23930948,40687.28602623326,13.337309609515813,1,105917.5406070266
44.64279662539366,47477.84272122816,12.196135079077889,0,124178.66611364667
52.32907991477969,42918.64133454309,14.591743563726029,0,101977.88260690945
62.883580998317264,20310.502844363185,10.56233522478254,0,80013.31901314696
37.681816407067274,61218.65384176301,13.490010625754563,0,130582.83489956375
51.595636089762515,33908.854613902906,11.610605407766636,0,84129.7251
41.59855022072992,53588.702961667244,11.871623645783005,0,124419.76369457097
64.34055954709811,81111.24005,12.183504968896745,1,172597.8101571758
31.721757142594704,36209.23112620365,12.504480792853355,1,100146.31864621729
43.29293783274094,12045.687158805054,11.767541913756084,1,62142.79754743679
54.52654250077425,45709.936671798336,12.429426366341051,0,108794.38193198638
68.78628835081209,66514.39452497856,15.156236115124369,0,169129.4910839184
49.210996867124145,79375.21181330891,13.970899371230438,0,172257.93307322418
43.33760567968162,31556.756083213746,13.738309184993794,1,99802.35311162178
72.57388483328708,57450.48834854783,11.088920947952259,1,134268.72777780096
32.62383319500507,43020.34315,10.221518343543352,0,109717.18005120961
23.614328520559017,48410.774685437966,13.910601116475506,0,115248.86018663082
55.28017340063999,89665.15020525552,13.752093585059589,1,181803.89243077926
43.97534930776867,27455.44507,14.945341351501964,0,79689.16810611717
37.74520619443144,53806.094922418604,10.792038748061541,0,116353.78868422729
58.50027736759224,57015.39758,11.540902689279307,1,99134.78330035982
52.925608565254386,66286.79487,8.721031674949131,1,143196.07366384903
43.23105643115926,51469.74730206343,11.215057787878255,0,110019.5764045437
34.636347215949264,54620.75809256153,13.993141021158895,0,137046.43022522243
60.469487939361734,44125.27148867314,11.067009241543603,1,111518.78037357512
57.80241413550393,54036.90411867661,13.280959590401647,0,111117.04369339254
48.809889634647405,44852.11586753884,11.618993788004378,0,105719.84949322857
72.15964395,59323.57834784076,12.648114056443122,0,121996.21732046502
37.15898280408617,44455.84495934549,9.704617220368664,0,106696.30623712449
31.693697948903136,55656.505908532796,12.170418899267801,0,123318.70609779732
41.69710316142507,49561.057794725326,6.0177280581985535,1,121192.27653558298
49.452967803734026,66890.75376158253,11.62620768367603,0,131471.46557966428
52.92007339,49229.094146172705,8.739053513,0,110860.7867028911
47.105167305724045,23404.512976896778,14.411989033093633,1,67934.31564003105
54.22466475817156,68928.82251070987,13.554814705529022,1,157096.6960045667
34.98152690971467,36414.015487060715,12.933341963932161,1,102990.30603538165
67.32517524887912,40193.504920267704,15.04201245431876,1,115389.09633232788
49.01418585928917,41065.08058934762,10.102166958350326,0,99068.10603483455
63.407549979057535,70616.57139756226,15.494726395831115,1,160078.44489692105
54.11270415653245,17964.88679031956,13.86438312852077,0,84972.01002056594
55.48103862984541,97066.22800489992,11.526889425562107,1,187597.44465696867
56.837207362786444,65840.85213599078,14.271240294365889,0,142944.55143987085
55.37250272020778,53348.58371,9.787412975176732,1,112254.90095929989
57.71267311841053,49176.58999,10.350971676944653,1,109090.14801485646
65.94983036158918,54283.311122864856,10.78282055,0,123078.39472298934
52.35825403641764,57816.836425690075,10.942044583871969,1,141560.3727948888
58.50804509106215,59678.23378925086,9.886884714479494,1,130617.63391949938
48.92317166855328,58334.066990051724,14.44616613419065,1,131926.57707642997
67.28140658539367,51343.71021882873,11.482291199260336,0,114521.21507026875
41.88329237528876,47039.923695390105,12.70500993671376,1,109199.82262764899
71.61128519492979,47730.90074519732,10.85929726717264,0,116147.05572129632
49.51810459226788,47076.375794709784,8.358793398902966,0,91428.49632802139
32.830698774583425,67006.55145300597,12.540114716782844,0,150783.9424791466
51.53725297892947,58903.35083421293,8.175490049160446,0,117606.88126602466
41.82738011030143,5894.170480035797,11.862731907829064,1,59197.12949880938
60.08772258786469,59838.51164794641,9.263369922334379,0,115334.30980849495
42.16851224837131,52921.04292078162,15.974551998461616,1,133369.79452235193
44.64579880142264,49719.36865331154,13.822725444349443,0,121818.09432267513
27.325511228653628,44172.22320366671,12.21150758254296,0,106410.68979240004
44.57232416901108,66861.6908,14.527413355309337,0,131561.51296234838
20.91344808045252,64212.896931842864,10.307368045068529,0,132259.21255088146
30.99316611817132,38406.834982645865,13.086958757340186,0,83515.62430169078
59.12497587373157,56105.78430686802,12.399620867437427,0,122899.41115783734
59.42960190380999,35425.14898188071,12.52804016266734,1,109874.33493061317
55.10549074141958,29305.727528166044,14.544707000213535,0,94736.14117438295
38.396286282449445,40599.24163115052,13.464984205559604,0,100275.11902005714
49.42746372629624,62935.90208574138,12.577447325650047,0,124647.35425397812
49.95676953091318,64296.87568,8.690225127543407,1,144084.93119988427
36.09962372968949,57696.28130145939,10.079907409441073,1,127233.08529806383
68.04077962120581,60876.43680271996,11.754582132808551,0,110072.19829776512
60.528347486908054,57742.67430672437,12.186744748553302,0,135706.30659484124
47.34842991404403,40377.77607165572,9.739592550652151,0,97166.19281
50.32263006793437,56478.83817010911,16.823353351156843,1,146114.51759634138
52.50059369537063,62006.14287841524,15.032788110507147,0,124964.38629400756
25.499181578908512,61314.36994720362,13.204236640784966,0,97233.63066646666
47.033871409752834,67833.70057211965,12.144073722567489,0,143740.54387566174
41.816189024026414,60624.55770801596,11.575582060197696,0,131700.4837426453
37.980559881261016,55271.72311312374,10.096163079955529,0,101794.11545576579
46.626796485368544,66052.25357474641,12.154961037037726,1,133442.36541329656
71.57223832219427,49602.18111,12.515505080285502,0,145206.78993270983
57.690114335204115,36771.880231584226,9.516478849036751,1,95271.71020515567
43.14585212260644,47553.99554084354,12.668352834489795,0,117780.81372790823
56.87099338,38826.46032790327,11.689481902350503,0,91953.22312696264