DATE,SP500_PCH
41828,-0.70488
41829,0.46443
41830,-0.41311
41831,0.1471
41834,0.48435
41835,-0.19321
41836,0.42011
41837,-1.18341
41838,1.02649
41841,-0.23203
41842,0.50161
41843,0.17544
41844,0.04882
41845,-0.48491
41848,0.02881
41849,-0.45277
41850,0.00609
41851,-1.99993
41852,-0.28591
41855,0.71891
41856,-0.96855
41857,0.00156
41858,-0.55566
41859,1.15314
41862,0.27594
41863,-0.16366
41864,0.67072
41865,0.43458
41866,-0.00614
41869,0.85317
41870,0.50007
41871,0.24778
41872,0.29499
41873,-0.19926
41876,0.47878
41877,0.10511
41878,0.005
41879,-0.16899
41880,0.33204
41885,-0.07791
41886,-0.15344
41887,0.50359
41890,-0.30732
41891,-0.6545
41892,0.36461
41893,0.08819
41894,-0.59626
41897,-0.07101
41898,0.74844
41899,0.12957
41900,0.48912
41901,-0.04773
41904,-0.80133
41905,-0.57765
41906,0.78325
41907,-1.61687
41908,0.85758
41911,-0.25468
41912,-0.27859
41913,-1.32486
41914,0.00051
41915,1.11655
41918,-0.15651
41919,-1.51261
41920,1.74616
41921,-2.06614
41922,-1.1451
41925,-1.64679
41926,0.15789
41927,-0.81003
41928,0.0145
41929,1.28841
41932,0.91427
41933,1.95745
41934,-0.72993
41935,1.23034
41936,0.70534
41939,-0.15016
41940,1.19391
41941,-0.13854
41942,0.62301
41943,1.17314
41946,-0.01189
41947,-0.28298
41948,0.57005
41949,0.37755
41950,0.03495
41953,0.31202
41954,0.06967
41955,-0.07011
41956,0.05299
41957,0.02403
41960,0.07354
41961,0.51339
41962,-0.15011
41963,0.19671
41964,0.52369
41967,0.28641
41968,-0.11501
41969,0.2806
41974,-0.68293
41975,0.63844
41976,0.37647
41977,-0.11618
41978,0.16651
41981,-0.72565
41982,-0.02378
41983,-1.63509
41984,0.45357
41985,-1.62136
41988,-0.63426
41989,-0.8489
41990,2.03524
41991,2.40152
41992,0.45701
41995,0.38104
41996,0.17464
41997,-0.01393
42002,0.08618
42003,-0.48886
42004,-1.03108
42009,-1.82781
42010,-0.88935
42011,1.16298
42012,1.78883
42013,-0.84039
42016,-0.80937
42017,-0.25786
42018,-0.58131
42019,-0.92479
42020,1.34242
42025,0.47317
42026,1.52698
42027,-0.54916
42030,0.25685
42031,-1.33878
42032,-1.34956
42033,0.95347
42034,-1.2992
42037,1.29625
42038,1.44395
42039,-0.4156
42040,1.02914
42041,-0.34181
42044,-0.42472
42045,1.06755
42046,-0.0029
42047,0.96445
42048,0.40747
42053,-0.03142
42054,-0.10621
42055,0.61265
42058,-0.03033
42059,0.27587
42060,-0.07658
42061,-0.1476
42062,-0.29563
42065,0.6125
42066,-0.45386
42067,-0.43885
42068,0.11961
42069,-1.41739
42072,0.39445
42073,-1.69614
42074,-0.19177
42075,1.26015
42076,-0.60747
42079,1.35337
42080,-0.33202
42081,1.21584
42082,-0.48726
42083,0.90127
42086,-0.17456
42087,-0.61395
42088,-1.45589
42089,-0.23774
42090,0.23685
42093,1.22367
42094,-0.87957
42095,-0.39654
42096,0.35297
42101,-0.20619
42102,0.26826
42103,0.44575
42104,0.52028
42107,-0.45812
42108,0.16297
42109,0.51483
42110,-0.07785
42111,-1.13112
42114,0.92351
42115,-0.14807
42116,0.50875
42117,0.23577
42118,0.22528
42121,-0.41413
42122,0.27692
42123,-0.37404
42124,-1.01289
42125,1.0923
42128,0.29408
42129,-1.18374
42130,-0.44557
42131,0.37738
42132,1.34579
42135,-0.50896
42136,-0.29497
42137,-0.03049
42138,1.07792
42139,0.07685
42142,0.3048
42143,-0.06434
42144,-0.09305
42145,0.23379
42146,-0.22339
42151,0.91626
42152,-0.12668
42153,-0.63184
42156,0.20594
42157,-0.10087
42158,0.21189
42159,-0.86232
42160,-0.14362
42163,-0.64745
42164,0.04184
42165,1.20424
42166,0.17386
42167,-0.69943
42170,-0.46225
42171,0.56898
42172,0.19797
42173,0.99027
42174,-0.53035
42177,0.60948
42178,0.06359
42179,-0.73534
42180,-0.29736
42181,-0.039
42184,-2.08661
42185,0.26584
42186,0.69361
42187,-0.03081
42192,0.60809
42193,-1.66527
42194,0.22622
42195,1.23385
42198,1.10661
42199,0.44532
42200,-0.0735
42201,0.80146
42202,0.11063
42205,0.07712
42206,-0.42617
42207,-0.23877
42208,-0.5676
42209,-1.07033
42212,-0.5775
42213,1.23861
42214,0.73188
42215,0.00285
42216,-0.22716
42219,-0.27569
42220,-0.22497
42221,0.31147
42222,-0.7753
42223,-0.28749
42226,1.28082
42227,-0.95572
42228,0.09501
42229,-0.12751
42230,0.39119
42233,0.52115
42234,-0.26255
42235,-0.8255
42236,-2.11001
42237,-3.1851
42240,-3.94137
42241,-1.3522
42242,3.90338
42243,2.42977
42244,0.06088
42247,-0.83917
42248,-2.95764
42249,1.8293
42250,0.11648
42251,-1.53296
42256,-1.38976
42257,0.5278
42258,0.4487
42261,-0.40896
42262,1.28313
42263,0.87054
42264,-0.2561
42265,-1.61642
42268,0.45658
42269,-1.23184
42270,-0.20487
42271,-0.3363
42272,-0.04658
42275,-2.56661
42276,0.12329
42277,1.90755
42278,0.19739
42279,1.43153
42282,1.82898
42283,-0.35882
42284,0.80357
42285,0.88184
42286,0.07251
42289,0.12755
42290,-0.68254
42291,-0.47163
42292,1.48528
42293,0.45705
42296,0.02705
42297,-0.14211
42298,-0.58254
42299,1.66275
42300,1.10304
42303,-0.19131
42304,-0.25541
42305,1.18399
42306,-0.04497
42307,-0.481
42310,1.18738
42311,0.27281
42312,-0.35454
42313,-0.11321
42314,-0.03476
42317,-0.98228
42318,0.15106
42319,-0.32281
42320,-1.39904
42321,-1.12074
42324,1.49033
42325,-0.13394
42326,1.61624
42327,-0.11231
42328,0.38102
42331,-0.12349
42332,0.12221
42333,-0.01292
42338,-0.46409
42339,1.06806
42340,-1.09958
42341,-1.43736
42342,2.05258
42345,-0.69896
42346,-0.64899
42347,-0.77389
42348,0.22514
42349,-1.94228
42352,0.47556
42353,1.06185
42354,1.4515
42355,-1.50405
42356,-1.77972
42359,0.77784
42360,0.88168
42361,1.2418
42362,-0.15986
42367,1.06297
42368,-0.72172
42369,-0.94118
42374,0.20123
42375,-1.31154
42376,-2.37004
42377,-1.08384
42380,0.08533
42381,0.78028
42382,-2.49654
42383,1.66959
42384,-2.15991
42389,-1.16939
42390,0.51954
42391,2.02837
42394,-1.56379
42395,1.41443
42396,-1.08635
42397,0.55286
42398,2.47602
42401,-0.04432
42402,-1.87431
42403,0.4992
42404,0.15268
42405,-1.84813
42408,-1.41539
42409,-0.06636
42410,-0.0189
42411,-1.23011
42412,1.9518
42417,1.64804
42418,-0.46657
42419,-0.00261
42422,1.44542
42423,-1.24544
42424,0.44398
42425,1.13483
42426,-0.18702
42429,-0.81209
42430,2.38688
42431,0.40943
42432,0.34987
42433,0.33059
42436,0.0885
42437,-1.12401
42438,0.50524
42439,0.01558
42440,1.63955
42443,-0.1261
42444,-0.1837
42445,0.56004
42446,0.65952
42447,0.44056
42450,0.09856
42451,-0.08774
42452,-0.6386
42453,-0.03781
42458,0.88167
42459,0.43503
42460,-0.20398
42461,0.63309
42464,-0.32083
42465,-1.01446
42466,1.05077
42467,-1.19758
42468,0.27866
42471,-0.27398
42472,0.96621
42473,1.00402
42474,0.01729
42475,-0.09843
42478,0.6541
42479,0.30845
42480,0.07616
42481,-0.51941
42482,0.00478
42485,-0.1812
42486,0.18728
42487,0.16494
42488,-0.92308
42489,-0.50631
42492,0.781
42493,-0.86767
42494,-0.59369
42495,-0.02389
42496,0.31746
42499,0.07535
42500,1.24837
42501,-0.95616
42502,-0.01695
42503,-0.84782
42506,0.97967
42507,-0.94113
42508,0.02052
42509,-0.37067
42510,0.60195
42513,-0.20854
42514,1.36814
42515,0.69748
42516,-0.02105
42517,0.42869
42522,0.11302
42523,0.28247
42524,-0.29118
42527,0.48973
42528,0.12895
42529,0.33095
42530,-0.17177
42531,-0.91752
42534,-0.81152
42535,-0.17989
42536,-0.18407
42537,0.3133
42538,-0.3258
42541,0.58082
42542,0.27121
42543,-0.16516
42544,1.3364
42545,-3.59198
42548,-1.80965
42549,1.77702
42550,1.70326
42551,1.3565
42552,0.19487
42557,0.5353
42558,-0.08715
42559,1.52533
42562,0.34086
42563,0.70093
42564,0.01347
42565,0.52592
42566,-0.09289
42569,0.23823
42570,-0.14352
42571,0.42703
42572,-0.36125
42573,0.45539
42576,-0.30115
42577,0.03228
42578,-0.11986
42579,0.16062
42580,0.16313
42583,-0.12698
42584,-0.63616
42585,0.31339
42586,0.02126
42587,0.86034
42590,-0.09071
42591,0.03897
42592,-0.28647
42593,0.47346
42594,-0.07961
42597,0.2793
42598,-0.54791
42599,0.18686
42600,0.21996
42601,-0.14403
42604,-0.05632
42605,0.19518
42606,-0.52403
42607,-0.13652
42608,-0.15788
42611,0.52281
42612,-0.19538
42613,-0.23758
42614,-0.00415
42615,0.42011
42620,-0.01464
42621,-0.22231
42622,-2.45221
42625,1.46771
42626,-1.48307
42627,-0.05877
42628,1.01093
42629,-0.37722
42632,-0.00187
42633,0.02992
42634,1.09171
42635,0.64999
42636,-0.57368
42639,-0.85878
42640,0.64442
42641,0.52965
42642,-0.93213
42643,0.79679
42646,-0.32607
42647,-0.49556
42648,0.42967
42649,0.04815
42650,-0.32535
42653,0.46059
42654,-1.24465
42655,0.11466
42656,-0.30993
42657,0.02016
42660,-0.3038
42661,0.61604
42662,0.2192
42663,-0.13757
42664,-0.00841
42667,0.47498
42668,-0.37977
42669,-0.17404
42670,-0.29868
42671,-0.31082
42674,-0.01223
42675,-0.67869
42676,-0.65255
42677,-0.44234
42678,-0.16661
42681,2.22235
42682,0.3772
42683,1.1077
42684,0.19508
42685,-0.13979
42688,-0.01155
42689,0.74808
42690,-0.15823
42691,0.46763
42692,-0.23867
42695,0.74614
42696,0.21654
42697,0.0808
42702,-0.52545
42703,0.13353
42704,-0.26535
42705,-0.35155
42706,0.03971
42709,0.58213
42710,0.34109
42711,1.31632
42712,0.21594
42713,0.59389
42716,-0.11374
42717,0.65398
42718,-0.81172
42719,0.38832
42720,-0.17506
42723,0.19751
42724,0.36375
42725,-0.24573
42726,-0.1863
42727,0.12517
42732,-0.83565
42733,-0.02933
42734,-0.46371
42739,0.57223
42740,-0.07707
42741,0.3517
42744,-0.35486
42745,0
42746,0.28296
42747,-0.21448
42748,0.18499
42753,0.17638
42754,-0.36093
42755,0.33662
42758,-0.26901
42759,0.65645
42760,0.80261
42761,-0.07353
42762,-0.08665
42765,-0.60095
42766,-0.089
42767,0.02984
42768,0.05703
42769,0.72648
42772,-0.21154
42773,0.02268
42774,0.06934
42775,0.57525
42776,0.35661
42779,0.52459
42780,0.40073
42781,0.49923
42782,-0.08641
42783,0.16786
42788,-0.10823
42789,0.0419
42790,0.14934
42793,0.1018
42794,-0.25783
42795,1.36738
42796,-0.58599
42797,0.05038
42800,-0.32772
42801,-0.29133
42802,-0.22843
42803,0.07998
42804,0.32687
42807,0.03667
42808,-0.3379
42809,0.83747
42810,-0.16267
42811,-0.13144
42814,-0.20099
42815,-1.2408
42816,0.18899
42817,-0.10603
42818,-0.0844
42821,-0.10196
42822,0.72515
42823,0.10854
42824,0.2935
42825,-0.2255
42828,-0.16422
42829,0.05596
42830,-0.30549
42831,0.19295
42832,-0.08272
42835,0.06877
42836,-0.14339
42837,-0.37599
42838,-0.68147
42843,-0.29034
42844,-0.17163
42845,0.75572
42846,-0.3035
42849,1.08401
42850,0.60906
42851,-0.04856
42852,0.05529
42853,-0.19131
42856,0.17322
42857,0.11891
42858,-0.12713
42859,0.0582
42860,0.40887
42863,0.00375
42864,-0.10253
42865,0.11306
42866,-0.21628
42867,-0.14784
42870,0.47764
42871,-0.06868
42872,-1.81783
42873,0.36868
42874,0.67675
42877,0.51601
42878,0.18379
42879,0.24891
42880,0.44419
42881,0.03106
42886,-0.046
42887,0.75711
42888,0.37077
42891,-0.12177
42892,-0.2779
42893,0.15683
42894,0.02671
42895,-0.083
42898,-0.09787
42899,0.45114
42900,-0.09958
42901,-0.22396
42902,0.02837
42905,0.83472
42906,-0.66967
42907,-0.05827
42908,-0.04557
42909,0.15609
42912,0.03158
42913,-0.80727
42914,0.8808
42915,-0.86
42916,0.15332
42919,0.23108
42922,-0.93688
42923,0.64032
42926,0.09278
42927,-0.07827
42928,0.73056
42929,0.18746
42930,0.46735
42933,-0.00529
42934,0.05978
42935,0.53727
42936,-0.01536
42937,-0.03679
42940,-0.10637
42941,0.29232
42942,0.02826
42943,-0.09726
42944,-0.13412
42947,-0.07281
42948,0.24491
42949,0.04927
42950,-0.21836
42951,0.1889
42954,0.16473
42955,-0.24144
42956,-0.03636
42957,-1.44744
42958,0.12755
42961,1.00437
42962,-0.04988
42963,0.14201
42964,-1.54369
42965,-0.18354
42968,0.11626
42969,0.99408
42970,-0.34536
42971,-0.20744
42972,0.16728
42975,0.04871
42976,0.08428
42977,0.46151
42978,0.57211
42979,0.19825
42984,0.31288
42985,-0.01785
42986,-0.14888
42989,1.08392
42990,0.3364
42991,0.07571
42992,-0.11007
42993,0.18472
42996,0.14559
42997,0.11103
42998,0.06343
42999,-0.3046
43000,0.06478
43003,-0.2222
43004,0.00721
43005,0.40852
43006,0.12046
43007,0.37051
43010,0.3874
43011,0.21589
43012,0.12468
43013,0.56468
43014,-0.10736
43017,-0.18044
43018,0.23224
43019,0.18035
43020,-0.16867
43021,0.08781
43024,0.17508
43025,0.06725
43026,0.07424
43027,0.0328
43028,0.51169
43031,-0.39725
43032,0.16179
43033,-0.46631
43034,0.12709
43035,0.8073
43038,-0.31925
43039,0.09445
43040,0.15921
43041,0.019
43042,0.30971
43045,0.12713
43046,-0.01891
43047,0.14437
43048,-0.3762
43049,-0.08976
43052,0.09836
43053,-0.23096
43054,-0.55257
43055,0.81961
43056,-0.2626
43059,0.12758
43060,0.65411
43061,-0.07503
43066,-0.03843
43067,0.98485
43068,-0.03692
43069,0.81909
43070,-0.20245
43073,-0.10521
43074,-0.37394
43075,-0.01141
43076,0.29324
43077,0.55063
43080,0.3202
43081,0.15489
43082,-0.0473
43083,-0.40708
43084,0.89743
43087,0.53629
43088,-0.32303
43089,-0.08279
43090,0.19856
43091,-0.04582
43096,0.07909
43097,0.1834
43098,-0.51832
43103,0.63988
43104,0.40287
43105,0.70338
43108,0.16623
43109,0.13029
43110,-0.11122
43111,0.70336
43112,0.67496
43117,0.9415
43118,-0.16164
43119,0.43852
43122,0.80668
43123,0.21744
43124,-0.056
43125,0.06026
43126,1.18412
43129,-0.67319
43130,-1.08988
43131,0.04889
43132,-0.06481
43133,-2.12085
43136,-4.09792
43137,1.74409
43138,-0.50016
43139,-3.75365
43140,1.49361
43143,1.39146
43144,0.2613
43145,1.34025
43146,1.20691
43147,0.03735
43152,-0.54965
43153,0.09736
43154,1.60283
43157,1.1757
43158,-1.27069
43159,-1.10958
43160,-1.33243
43161,0.50716
43164,1.1032
43165,0.26388
43166,-0.04838
43167,0.44631
43168,1.73788
43171,-0.1274
43172,-0.63636
43173,-0.57245
43174,-0.0782
43175,0.17035
43178,-1.42042
43179,0.14818
43180,-0.1844
43181,-2.51629
43182,-2.09669
43185,2.71572
43186,-1.72763
43187,-0.29166
43188,1.37697
43193,1.26148
43194,1.15665
43195,0.68628
43196,-2.19202
43199,0.33366
43200,1.67269
43201,-0.55253
43202,0.82507
43203,-0.28866
43206,0.8109
43207,1.06616
43208,0.08314
43209,-0.57261
43210,-0.85365
43213,0.00562
43214,-1.33806
43215,0.18371
43216,1.04342
43217,0.11136
43220,-0.81875
43221,0.2549
43222,-0.72058
43223,-0.22537
43224,1.28112
43227,0.3458
43228,-0.02657
43229,0.96822
43230,0.93706
43231,0.17076
43234,0.08835
43235,-0.68422
43236,0.40606
43237,-0.08558
43238,-0.26322
43241,0.73867
43242,-0.31357
43243,0.32484
43244,-0.20232
43245,-0.23572
43250,1.26958
43251,-0.68796
43252,1.08492
43255,0.44796
43256,0.07026
43257,0.85674
43258,-0.07142
43259,0.31259
43262,0.10687
43263,0.17434
43264,-0.40261
43265,0.24715
43266,-0.10171
43269,-0.21262
43270,-0.40234
43271,0.17122
43272,-0.63455
43273,0.1862
43276,-1.37247
43277,0.22046
43278,-0.86043
43279,0.61786
43280,0.07584
43283,0.3068
43284,-0.49474
43287,0.84813
43290,0.8823
43291,0.34732
43292,-0.70942
43293,0.8749
43294,0.10792
43297,-0.10281
43298,0.39737
43299,0.21605
43300,-0.39529
43301,-0.09485
43304,0.18381
43305,0.47809
43306,0.91015
43307,-0.30323
43308,-0.65623
43311,-0.57542
43312,0.48847
43313,-0.10404
43314,0.49265
43315,0.46441
43318,0.35383
43319,0.28242
43320,-0.02624
43321,-0.14417
43322,-0.71139
43325,-0.4006
43326,0.63892
43327,-0.76022
43328,0.79195
43329,0.33231
43332,0.2428
43333,0.20686
43334,-0.03982
43335,-0.16912
43336,0.61989
43339,0.76704
43340,0.02693
43341,0.57014
43342,-0.44303
43343,0.01344
43348,-0.28032
43349,-0.36523
43350,-0.22133
43353,0.18978
43354,0.37398
43355,0.03567
43356,0.52823
43357,0.02755
43360,-0.55697
43361,0.5369
43362,0.12533
43363,0.78406
43364,-0.03685
43367,-0.35158
43368,-0.13051
43369,-0.32892
43370,0.27633
43371,-0.00069
43374,0.36411
43375,-0.03966
43376,0.07115
43377,-0.81695
43378,-0.5528
43381,-0.03951
43382,-0.1418
43383,-3.28642
43384,-2.05731
43385,1.42063
43388,-0.5905
43389,2.14956
43390,-0.02527
43391,-1.43919
43392,-0.03612
43395,-0.42995
43396,-0.55119
43397,-3.08645
43398,1.86251
43399,-1.73272
43402,-0.65596
43403,1.56668
43404,1.08513
43405,1.05578
43406,-0.63167
43409,0.56003
43410,0.62593
43411,2.12089
43412,-0.2509
43413,-0.9199
43416,-1.97015
43417,-0.14819
43418,-0.75675
43419,1.05938
43420,0.22233
43423,-1.66431
43424,-1.81512
43425,0.30433
43430,1.55324
43431,0.32617
43432,2.29739
43433,-0.21977
43434,0.81855
43437,1.09414
43438,-3.23649
43441,-2.33202
43444,0.17622
43445,-0.03564
43446,0.54195
43447,-0.01999
43448,-1.90867
43451,-2.07735
43452,0.00864
43453,-1.53957
43454,-1.57721
43455,-2.05883
43458,-2.71122
43461,0.85626
43462,-0.12415
43465,0.84924
43468,-2.47567
43469,3.43357
43472,0.70104
43473,0.96953
43474,0.4098
43475,0.45184
43476,-0.01463
43479,-0.52576
43480,1.07217
43481,0.2222
43482,0.75915
43483,1.31831
43488,0.22029
43489,0.13757
43490,0.84887
43493,-0.78469
43494,-0.14562
43495,1.55492
43496,0.85974
43497,0.08986
43500,0.67762
43501,0.47085
43502,-0.22245
43503,-0.93571
43504,0.06763
43507,0.0709
43508,1.28903
43509,0.3024
43510,-0.26516
43511,1.08787
43516,0.17771
43517,-0.35264
43518,0.64111
43521,0.12318
43522,-0.07904
43523,-0.0544
43524,-0.28255
43525,0.68953
43528,-0.38806
43529,-0.11315
43530,-0.65241
43531,-0.81257
43532,-0.21317
43535,1.4666
43536,0.29533
43537,0.69496
43538,-0.0868
43539,0.49849
43542,0.3706
43543,-0.01306
43544,-0.29443
43545,1.08525
43546,-1.89745
43549,-0.08391
43550,0.71828
43551,-0.46444
43552,0.35895
43553,0.67343
43556,1.15686
43557,0.00174
43558,0.21484
43559,0.20846
43560,0.46364
43563,0.10474
43564,-0.60675
43565,0.34779
43566,0.00381
43567,0.66094
43570,-0.06294
43571,0.05094
43572,-0.22738
43573,0.15791
43578,0.88412
43579,-0.21918
43580,-0.03689
43581,0.46853
43584,0.10715
43585,0.09514
43586,-0.75021
43587,-0.2124
43588,0.96383
43591,-0.4471
43592,-1.65117
43593,-0.16054
43594,-0.30214
43595,0.37203
43598,-2.41306
43599,0.8016
43600,0.5839
43601,0.88952
43602,-0.58373
43605,-0.67494
43606,0.84958
43607,-0.28244
43608,-1.19141
43609,0.13535
43614,-0.6912
43615,0.20984
43616,-1.31954
43619,-0.27652
43620,2.14323
43621,0.81619
43622,0.61356
43623,1.04977
43626,0.46601
43627,-0.03499
43628,-0.20376
43629,0.40974
43630,-0.16115
43633,0.09318
43634,0.97174
43635,0.29852
43636,0.94722
43637,-0.12592
43640,-0.17319
43641,-0.94963
43642,-0.1234
43643,0.38232
43644,0.57574
43647,0.76723
43648,0.29281
43649,0.76724
43654,-0.48355
43655,0.12366
43656,0.45106
43657,0.22853
43658,0.46201
43661,0.01759
43662,-0.34038
43663,-0.65312
43664,0.35819
43665,-0.61767
43668,0.28287
43669,0.68475
43670,0.46881
43671,-0.52624
43672,0.73876
43675,-0.16161
43676,-0.25786
43677,-1.08855
43678,-0.89989
43679,-0.72827
43682,-2.97778
43683,1.3017
43684,0.07669
43685,1.87623
43686,-0.66165
43689,-1.19576
43690,1.4762
43691,-2.92928
43692,0.24643
43693,1.44262
43696,1.21059
43697,-0.79148
43698,0.82468
43699,-0.05061
43700,-2.59464
43703,1.09831
43704,-0.32032
43705,0.65455
43706,1.26872
43707,0.06428
43712,1.08421
43713,1.30098
43714,0.09106
43717,-0.0094
43718,0.03223
43719,0.72297
43720,0.28791
43721,-0.07244
43724,-0.31356
43725,0.25818
43726,0.03427
43727,0.002
43728,-0.48956
43731,-0.00969
43732,-0.84164
43733,0.61586
43734,-0.24289
43735,-0.53163
43738,0.50476
43739,-1.22584
43740,-1.79032
43741,0.7972
43742,1.42169
43745,-0.44783
43746,-1.55608
43747,0.91045
43748,0.64157
43749,1.09389
43752,-0.13871
43753,0.99557
43754,-0.19995
43755,0.27628
43756,-0.39193
43759,0.68716
43760,-0.35687
43761,0.28471
43762,0.19204
43763,0.40727
43766,0.55814
43767,-0.08324
43768,0.32533
43769,-0.30229
43770,0.96624
43773,0.37041
43774,-0.11857
43775,0.07025
43776,0.27301
43777,0.25606
43780,-0.19624
43781,0.15646
43782,0.07116
43783,0.08371
43784,0.76955
43787,0.05031
43788,-0.05926
43789,-0.37562
43790,-0.15828
43791,0.21749
43794,0.75073
43795,0.21955
43796,0.41745
43801,-0.86311
43802,-0.6638
43803,0.63235
43804,0.15003
43805,0.91357
43808,-0.31628
43809,-0.1097
43810,0.29082
43811,0.85752
43812,0.00726
43815,0.71478
43816,0.03353
43817,-0.04323
43818,0.44592
43819,0.49448
43822,0.08661
43823,-0.01954
43826,0.0034
43829,-0.57808
43830,0.2946
43833,-0.70599
43836,0.35334
43837,-0.28032
43838,0.49024
43839,0.66553
43840,-0.28552
43843,0.69763
43844,-0.15145
43845,0.18702
43846,0.83665
43847,0.38621
43852,0.02891
43853,0.1141
43854,-0.90421
43857,-1.57307
43858,1.00536
43859,-0.08668
43860,0.31344
43861,-1.77059
43864,0.72546
43865,1.49804
43866,1.12506
43867,0.33256
43868,-0.54008
43871,0.73264
43872,0.16885
43873,0.64627
43874,-0.16304
43875,0.18435
43880,0.47058
43881,-0.38155
43882,-1.05181
43885,-3.35136
43886,-3.028
43887,-0.37785
43888,-4.41633
43889,-0.82383
43892,4.60392
43893,-2.81079
43894,4.22026
43895,-3.3922
43896,-1.70539
43899,-7.59697
43900,4.93963
43901,-4.88684
43902,-9.51127
43903,9.28712
43906,-11.98405
43907,5.99548
43908,-5.18308
43909,0.47079
43910,-4.33595
43913,-2.92939
43914,9.38277
43915,1.1535
43916,6.24142
43917,-3.36873
43920,3.3516
43921,-1.60128
43922,-4.41424
43923,2.28294
43924,-1.51371
43927,7.03313
43928,-0.1603
43929,3.40564
43930,1.44874
43935,3.05725
43936,-2.20305
43937,0.58167
43938,2.67936
43941,-1.7881
43942,-3.06748
43943,2.29302
43944,-0.05394
43945,1.39181
43948,1.47141
43949,-0.52424
43950,2.65839
43951,-0.92124
43952,-2.8059
43955,0.42498
43956,0.90406
43957,-0.69794
43958,1.15046
43959,1.68715
43962,0.01775
43963,-2.05438
43964,-1.74627
43965,1.15248
43966,0.39264
43969,3.15012
43970,-1.04844
43971,1.6651
43972,-0.77736
43973,0.23537
43978,1.48273
43979,-0.21079
43980,0.48123
43983,0.37513
43984,0.82108
43985,1.3649
43986,-0.33687
43987,2.62117
43990,1.20416
43991,-0.77992
43992,-0.53131
43993,-5.89441
43994,1.30609
43997,0.83122
43998,1.89624
43999,-0.36003
44000,0.05942
44001,-0.56495
44004,0.64951
44005,0.43074
44006,-2.58552
44007,1.09595
44008,-2.42269
44011,1.46857
44012,1.54099
44013,0.50221
44014,0.45413
44019,-1.08186
44020,0.78275
44021,-0.56436
44022,1.04662
44025,-0.93625
44026,1.34064
44027,0.9082
44028,-0.34061
44029,0.28486
44032,0.84069
44033,0.1679
44034,0.57471
44035,-1.23198
44036,-0.61904
44039,0.73951
44040,-0.64734
44041,1.24284
44042,-0.37503
44043,0.76705
44046,0.7181
44047,0.3612
44048,0.64297
44049,0.64277
44050,0.0633
44053,0.27422
44054,-0.79691
44055,1.39965
44056,-0.20471
44057,-0.01719
44060,0.27099
44061,0.23034
44062,-0.44044
44063,0.31587
44064,0.34411
44067,1.00437
44068,0.35963
44069,1.01957
44070,0.1673
44071,0.67326
44074,-0.2195
44075,0.7525
44076,1.53659
44077,-3.51258
44078,-0.8133
44083,2.0145
44084,-1.75848
44085,0.05331
44088,1.27418
44089,0.52194
44090,-0.4619
44091,-0.84124
44092,-1.11826
44095,-1.15711
44096,1.05179
44097,-2.37214
44098,0.29874
44099,1.59768
44102,1.61105
44103,-0.48126
44104,0.82537
44105,0.52929
44106,-0.95717
44109,1.79755
44110,-1.3988
44111,1.74058
44112,0.80071
44113,0.87907
44116,1.64187
44117,-0.63069
44118,-0.66231
44119,-0.15278
44120,0.01349
44123,-1.63298
44124,0.47273
44125,-0.21957
44126,0.52189
44127,0.34458
44130,-1.85895
44131,-0.30256
44132,-3.52879
44133,1.19473
44134,-1.21295
44137,1.23182
44138,1.77993
44139,2.2047
44140,1.94602
44141,-0.02877
44144,1.16999
44145,-0.13998
44146,0.76519
44147,-0.99786
44148,1.36104
44151,1.1648
44152,-0.4792
44153,-1.15638
44154,0.39464
44155,-0.67925
44158,0.56359
44159,1.61617
44160,-0.15844
44165,-0.45955
44166,1.12712
44167,0.17912
44168,-0.06241
44169,0.88362
44172,-0.19356
44173,0.27871
44174,-0.79492
44175,-0.12851
44176,-0.1265
44179,-0.43593
44180,1.29212
44181,0.17728
44182,0.57576
44183,-0.35111
44186,-0.39063
44187,-0.20731
44188,0.07458
44189,0.35366
44194,-0.22274
44195,0.13415
44196,0.64388
44201,0.70825
44202,0.57099
44203,1.48474
44204,0.54919
44207,-0.65548
44208,0.04158
44209,0.22756
44210,-0.37534
44211,-0.719
44216,1.39356
44217,0.03167
44218,-0.30106
44221,0.36158
44222,-0.14888
44223,-2.56779
44224,0.97607
44225,-1.93115
44228,1.60517
44229,1.38982
44230,0.10088
44231,1.08533
44232,0.38975
44235,0.73993
44236,-0.11135
44237,-0.03452
44238,0.16625
44239,0.4711
44244,-0.03204
44245,-0.44158
44246,-0.18549
44249,-0.77328
44250,0.12563
44251,1.13517
44252,-2.44788
44253,-0.47502
44256,2.37907
44257,-0.80808
44258,-1.30662
44259,-1.34172
44260,1.9496
44263,-0.53593
44264,1.41547
44265,0.60303
44266,1.03955
44267,0.10154
44270,0.6492
44271,-0.15697
44272,0.28793
44273,-1.47605
44274,-0.06027
44277,0.70251
44278,-0.76308
44279,-0.54673
44280,0.52402
44281,1.66312
44284,-0.0868
44285,-0.31578
44286,0.36225
44287,1.18251
44292,-0.09735
44293,0.14752
44294,0.42206
44295,0.772
44298,-0.01962
44299,0.32946
44300,-0.40878
44301,1.10942
44302,0.36087
44305,-0.53065
44306,-0.68024
44307,0.93061
44308,-0.92107
44309,1.09287
44312,0.17822
44313,-0.02149
44314,-0.08455
44315,0.67628
44316,-0.71946
44319,0.2748
44320,-0.66783
44321,0.07035
44322,0.81654
44323,0.73733
44326,-1.04357
44327,-0.86739
44328,-2.14494
44329,1.21732
44330,1.49179
44333,-0.253
44334,-0.85173
44335,-0.29434
44336,1.05548
44337,-0.07838
44340,0.99113
44341,-0.21253
44342,0.18767
44343,0.11654
44344,0.07689
44349,0.14469
44350,-0.36287
44351,0.88341
44354,-0.07967
44355,0.01751
44356,-0.18239
44357,0.46522
44358,0.19485
44361,0.18152
44362,-0.20117
44363,-0.53902
44364,-0.04356
44365,-1.31245
44368,1.40023
44369,0.51245
44370,-0.10833
44371,0.58112
44372,0.33306
44375,0.2315
44376,0.02773
44377,0.13281
44378,0.52216
44379,0.75001
44384,0.3359
44385,-0.8561
44386,1.1278
44389,0.34512
44390,-0.35168
44391,0.1165
44392,-0.32622
44393,-0.75389
44396,-1.58695
44397,1.51627
44398,0.82418
44399,0.20167
44400,1.01454
44403,0.23823
44404,-0.47125
44405,-0.01863
44406,0.42062
44407,-0.5406
44410,-0.18429
44411,0.82035
44412,-0.46324
44413,0.60055
44414,0.16753
44417,-0.09399
44418,0.09927
44419,0.2468
44420,0.29521
44421,0.16073
44424,0.26209
44425,-0.70607
44426,-1.07485
44427,0.12567
44428,0.81415
44431,0.85238
44432,0.14957
44433,0.22201
44434,-0.58249
44435,0.88076
44438,0.43066
44439,-0.13491
44440,0.03118
44441,0.28426
44442,-0.0335
44447,-0.13186
44448,-0.46056
44449,-0.77226
44452,0.22765
44453,-0.57466
44454,0.84739
44455,-0.15511
44456,-0.91109
44459,-1.69773
44460,-0.08123
44461,0.95196
44462,1.21348
44463,0.1461
44466,-0.27764
44467,-2.03641
44468,0.15692
44469,-1.19097
44470,1.14915
44473,-1.29859
44474,1.05245
44475,0.41029
44476,0.82983
44477,-0.19137
44480,-0.68658
44481,-0.24168
44482,0.30225
44483,1.70631
44484,0.74601
44487,0.33748
44488,0.73934
44489,0.3664
44490,0.29959
44491,-0.10726
44494,0.47482
44495,0.18198
44496,-0.50516
44497,0.98293
44498,0.19493
44501,0.18001
44502,0.36804
44503,0.64613
44504,0.41819
44505,0.37329
44508,0.08877
44509,-0.34987
44510,-0.82258
44511,0.05509
44512,0.72226
44515,-0.00107
44516,0.38652
44517,-0.26016
44518,0.33848
44519,-0.13986
44522,-0.31971
44523,0.16571
44524,0.22939
44529,1.32002
44530,-1.89613
44531,-1.18152
44532,1.41944
44533,-0.84486
44536,1.17309
44537,2.07071
44538,0.30853
44539,-0.71811
44540,0.95491
44543,-0.91362
44544,-0.74706
44545,1.63484
44546,-0.87434
44547,-1.02877
44550,-1.1388
44551,1.77779
44552,1.01802
44553,0.62237
44558,-0.10102
44559,0.14019
44560,-0.29897
44561,-0.26262
44564,0.63741
44565,-0.06296
44566,-1.93928
44567,-0.09637
44568,-0.40502
44571,-0.14411
44572,0.916
44573,0.28177
44574,-1.42435
44575,0.08199
44580,-0.96895
44581,-1.10374
44582,-1.89148
44585,0.27718
44586,-1.2172
44587,-0.14966
44588,-0.5384
44589,2.43476
44592,1.8886
44593,0.6863
44594,0.94225
44595,-2.43911
44596,0.5157
44599,-0.37018
44600,0.84012
44601,1.45172
44602,-1.81157
44603,-1.89695
44606,-0.38405
44607,1.57667
44608,0.08812
44609,-2.11731
44610,-0.71662
44615,-1.84122
44616,1.49568
44617,2.23727
44620,-0.24426
44621,-1.54735
44622,1.86426
44623,-0.52547
44624,-0.7934
44627,-2.95181
44628,-0.72338
44629,2.56983
44630,-0.42918
44631,-1.29616
44634,-0.7421
44635,2.14085
44636,2.23838
44637,1.23478
44638,1.16623
44641,-0.04347
44642,1.13042
44643,-1.22728
44644,1.43439
44645,0.50662
44648,0.7145
44649,1.22565
44650,-0.62937
44651,-1.56525
44652,0.34103
44655,0.80909
44656,-1.25517
44657,-0.97169
44658,0.42534
44659,-0.2651
44662,-1.68773
44663,-0.34175
44664,1.11747
44665,-1.21441
44670,1.60576
44671,-0.06185
44672,-1.47529
44673,-2.774
44676,0.56979
44677,-2.81463
44678,0.20981
44679,2.47469
44680,-3.62845
44683,0.56753
44684,0.48371
44685,2.98624
44686,-3.56498
44687,-0.56742
44690,-3.20371
44691,0.24579
44692,-1.64632
44693,-0.1296
44694,2.38697
44697,-0.39464
44698,2.01696
44699,-4.03952
44700,-0.58338
44701,0.01461
44704,1.85551
44705,-0.81208
44706,0.94508
44707,1.98832
44708,2.47422
44713,-0.74828
44714,1.84311
44715,-1.63474
44718,0.31374
44719,0.95234
44720,-1.07939
44721,-2.37987
44722,-2.91103
44725,-3.87684
44726,-0.37737
44727,1.45925
44728,-3.2512
44729,0.22008
44734,-0.13015
44735,0.95322
44736,3.05633
44739,-0.29731
44740,-2.0143
44741,-0.07118
44742,-0.87592
44743,1.05538
44748,0.35731
44749,1.49646
44750,-0.08302
44753,-1.15275
44754,-0.92439
44755,-0.44569
44756,-0.29986
44757,1.92012
44760,-0.83636
44761,2.76283
44762,0.58958
44763,0.98614
44764,-0.93324
44767,0.13151
44768,-1.15432
44769,2.61563
44770,1.21334
44771,1.42077
44774,-0.2823
44775,-0.66624
44776,1.56385
44777,-0.07773
44778,-0.16257
44781,-0.12376
44782,-0.42487
44783,2.12906
44784,-0.07054
44785,1.73224
44788,0.39695
44789,0.18757
44790,-0.72378
44791,0.22695
44792,-1.28999
44795,-2.14001
44796,-0.22378
44797,0.29162
44798,1.40916
44799,-3.3688
44802,-0.66664
44803,-1.10281
44804,-0.7817
44805,0.29962
44806,-1.07365
44811,1.8341
44812,0.66108
44813,1.52714
44816,1.05843
44817,-4.32366
44818,0.3387
44819,-1.13178
44820,-0.71821
44823,0.68571
44824,-1.12721
44825,-1.71165
44826,-0.84276
44827,-1.72326
44830,-1.03405
44831,-0.21204
44832,1.96721
44833,-2.11264
44834,-1.50667
44837,2.58839
44838,3.05837
44839,-0.2018
44840,-1.02451
44841,-2.80036
44844,-0.74925
44845,-0.65192
44846,-0.32908
44847,2.59657
44848,-2.36627
44851,2.64801
44852,1.14276
44853,-0.66721
44854,-0.79509
44855,2.37248
44858,1.1882
44859,1.62666
44860,-0.73877
44861,-0.60826
44862,2.46264
44865,-0.74544
44866,-0.41013
44867,-2.50019
44868,-1.0586
44869,1.36187
44872,0.9614
44873,0.55979
44874,-2.07779
44875,5.54345
44876,0.92408
44879,-0.89358
44880,0.87131
44881,-0.82521
44882,-0.30893
44883,0.47586
44886,-0.38837
44887,1.358
44888,0.59147
44893,-1.54441
44894,-0.15919
44895,3.09478
44896,-0.08676
44897,-0.11946
44900,-1.78942
44901,-1.43992
44902,-0.18623
44903,0.75218
44904,-0.73495
44907,1.42793
44908,0.72897
44909,-0.60528
44910,-2.49217
44911,-1.11378
44914,-0.90075
44915,0.10373
44916,1.4868
44917,-1.44517
44918,0.58681
44923,-1.20206
44924,1.74613
44925,-0.25407
44930,0.75389
44931,-1.16456
44932,2.28408
44935,-0.07676
44936,0.69783
44937,1.28494
44938,0.3416
44939,0.39968
44944,-1.55626
44945,-0.76383
44946,1.89184
44949,1.18814
44950,-0.07115
44951,-0.01817
44952,1.10079
44953,0.24948
44956,-1.29687
44957,1.46425
44958,1.04523
44959,1.46994
44960,-1.03547
44963,-0.61405
44964,1.28725
44965,-1.10807
44966,-0.88298
44967,0.21953
44970,1.14486
44971,-0.02804
44972,0.27731
44973,-1.37887
44974,-0.27674
44979,-0.15735
44980,0.53294
44981,-1.05375
44984,0.3073
44985,-0.3036
44986,-0.47253
44987,0.75821
44988,1.61478
44991,0.06872
44992,-1.5327
44993,0.14148
44994,-1.84594
44995,-1.44781
44998,-0.15097
44999,1.64766
45000,-0.69809
45001,1.7562
45002,-1.10194
45005,0.89184
45006,1.29822
45007,-1.64632
45008,0.29845
45009,0.56398
45012,0.16469
45013,-0.15738
45014,1.42373
45015,0.57153
45016,1.44365
45019,0.36989
45020,-0.57971
45021,-0.24923
45022,0.35791
45027,-0.00414
45028,-0.41349
45029,1.32626
45030,-0.20694
45033,0.33062
45034,0.08551
45035,-0.00842
45036,-0.59526
45037,0.09032
45040,0.08516
45041,-1.58108
45042,-0.38412
45043,1.95661
45044,0.82532
45047,-0.03861
45048,-1.15863
45049,-0.69983
45050,-0.72187
45051,1.84747
45054,0.04521
45055,-0.45794
45056,0.44839
45057,-0.16966
45058,-0.15833
45061,0.29582
45062,-0.63777
45063,1.18908
45064,0.94451
45065,-0.14459
45068,0.01551
45069,-1.12221
45070,-0.73186
45071,0.87577
45072,1.3049
45077,-0.61086
45078,0.98545
45079,1.45344
45082,-0.20036
45083,0.23539
45084,-0.3812
45085,0.61886
45086,0.11481
45089,0.93211
45090,0.69326
45091,0.08194
45092,1.21781
45093,-0.36716
45098,-0.52453
45099,0.37108
45100,-0.76588
45103,-0.44868
45104,1.14558
45105,-0.0354
45106,0.44735
45107,1.2269
45110,0.11707
45113,-0.79225
45114,-0.28652
45117,0.24051
45118,0.67422
45119,0.74111
45120,0.84702
45121,-0.10244
45124,0.38554
45125,0.71173
45126,0.23579
45127,-0.67569
45128,0.03242
45131,0.40341
45132,0.28147
45133,-0.01554
45134,-0.64247
45135,0.98779
45138,0.14687
45139,-0.26651
45140,-1.38396
45141,-0.2548
45142,-0.53
45145,0.90241
45146,-0.42183
45147,-0.70387
45148,0.02507
45149,-0.10696
45152,0.57504
45153,-1.15508
45154,-0.75554
45155,-0.77129
45156,-0.01487
45159,0.68792
45160,-0.27774
45161,1.10449
45162,-1.3458
45163,0.6718
45166,0.62646
45167,1.45083
45168,0.38331
45169,-0.15969
45170,0.17992
45175,-0.69716
45176,-0.32113
45177,0.14266
45180,0.67235
45181,-0.56959
45182,0.12416
45183,0.84299
45184,-1.21596
45187,0.07213
45188,-0.21511
45189,-0.93948
45190,-1.64009
45191,-0.22956
45194,0.40231
45195,-1.47345
45196,0.02293
45197,0.58931
45198,-0.27095
45201,0.00793
45202,-1.37441
45203,0.81098
45204,-0.1304
45205,1.18149
45208,0.63038
45209,0.5208
45210,0.4293
45211,-0.62464
45212,-0.50188
45215,1.05943
45216,-0.00983
45217,-1.33998
45218,-0.84828
45219,-1.25853
45222,-0.16855
45223,0.72658
45224,-1.43396
45225,-1.18325
45226,-0.48003
45229,1.20101
45230,0.6475
45231,1.0506
45232,1.88586
45233,0.93937
45236,0.1753
45237,0.28401
45238,0.10049
45239,-0.80839
45240,1.56164
45243,-0.08357
45244,1.90749
45245,0.15971
45246,0.11903
45247,0.12821
45250,0.73903
45251,-0.20209
45252,0.40611
45257,-0.19542
45258,0.09801
45259,-0.09462
45260,0.37841
45261,0.58737
45264,-0.54085
45265,-0.0569
45266,-0.39061
45267,0.79682
45268,0.40954
45271,0.39245
45272,0.45993
45273,1.36508
45274,0.26471
45275,-0.00763
45278,0.45283
45279,0.58664
45280,-1.46843
45281,1.03015
45282,0.16601
45287,0.14304
45288,0.03702
45289,-0.28265
45294,-0.80163
45295,-0.34284
45296,0.18257
45299,1.41147
45300,-0.14779
45301,0.56659
45302,-0.06711
45303,0.0751
45308,-0.56169
45309,0.88053
45310,1.23135
45313,0.21943
45314,0.29214
45315,0.0812
45316,0.52603
45317,-0.06518
45320,0.75568
45321,-0.06007
45322,-1.61057
45323,1.24937
45324,1.06845
45327,-0.31864
45328,0.23104
45329,0.82414
45330,0.05706
45331,0.57424
45334,-0.09489
45335,-1.36743
45336,0.95797
45337,0.58213
45338,-0.48034
45343,0.12642
45344,2.11229
45345,0.03479
45348,-0.37867
45349,0.17063
45350,-0.16581
45351,0.5229
45352,0.80078
45355,-0.11933
45356,-1.0193
45357,0.51411
45358,1.03041
45359,-0.65285
45362,-0.11222
45363,1.12018
45364,-0.19245
45365,-0.28711
45366,-0.64829
45369,0.6318
45370,0.56492
45371,0.89041
45372,0.32366
45373,-0.14023
45376,-0.30549
45377,-0.27998
45378,0.86306
45379,0.11165
45384,-0.72391
45385,0.10911
45386,-1.23343
45387,1.10992
45390,-0.03747
45391,0.14455
45392,-0.9457
45393,0.74448
45394,-1.45507
45397,-1.20213
45398,-0.20566
45399,-0.57806
45400,-0.22082
45401,-0.87585
45404,0.87312
45405,1.19646
45406,0.0213
45407,-0.45764
45408,1.02091
45411,0.31785
45412,-1.57305
45413,-0.34355
45414,0.91284
45415,1.25568
45418,1.03261
45419,0.13434
45420,-0.00058
45421,0.50909
45422,0.16494
45425,-0.02413
45426,0.48378
45427,1.1716
45428,-0.20817
45429,0.11648
45432,0.09164
45433,0.25018
45434,-0.2706
45435,-0.73808
45436,0.7001
45441,-0.73671
45442,-0.5975
45443,0.80279
45446,0.11161
45447,0.15028
45448,1.18477
45449,-0.01998
45450,-0.11153
45453,0.25809
45454,0.27104
45455,0.85037
45456,0.23446
45457,-0.03938
45460,0.76644
45461,0.25214
45464,-0.15622
45467,-0.30652
45468,0.39336
45469,0.15724
45470,0.09073
45471,-0.40836
45474,0.26756
45475,0.61953
45476,0.50844